prompt_id,judge_delta,high_gap_delta,length_delta,completion_delta,refusal_diagnostic_delta,seed,comparison
kd_5cd61749928b2a949a904b2b,0.3642304636116229,-1.0,0.0,0.0,0.0,42,knn_minus_proxy
kd_b6ac530b94d265ef1c3723e4,-0.3436841297668647,0.0,31.0,0.0,0.0,42,knn_minus_proxy
kd_7695c04e2f4aa27f34f0cfbd,0.42586946514589774,0.0,-25.0,0.0,0.0,42,knn_minus_proxy
kd_43c10c5c575cfcf3ad4c3f30,0.0971281236297663,0.0,0.0,0.0,0.0,42,knn_minus_proxy
kd_219d26da3deb62df0b005308,-0.058837228737262215,0.0,-23.0,0.0,0.0,42,knn_minus_proxy
kd_9cfbac2012d7295b357b1d03,0.0,0.0,0.0,0.0,0.0,42,knn_minus_proxy
kd_7573ba899293d7e36aef3786,-0.029885576501466504,0.0,-13.0,0.0,0.0,42,knn_minus_proxy
kd_d15ed33a910802adacc3fd24,-0.06163900153427462,0.0,116.0,0.0,0.0,42,knn_minus_proxy
kd_5e298ada43fdbcc88b5a60c1,-0.11954230600586624,0.0,-14.0,0.0,0.0,42,knn_minus_proxy
kd_2a46a75e1c18196fe730e2e7,0.0,0.0,0.0,0.0,0.0,42,knn_minus_proxy
kd_e177f6055163fbfd4e20ac03,-0.5939758329666468,0.0,59.0,0.0,0.0,42,knn_minus_proxy
kd_1287f4d13e1295c95caccdee,-0.3137985532653984,0.0,0.0,0.0,0.0,42,knn_minus_proxy
kd_6b8ac712eda8bbbac2f7903a,-0.35208944815790233,0.0,-7.0,0.0,0.0,42,knn_minus_proxy
kd_1d6af05820a9efb4f12963e8,-0.1459840367776713,0.0,45.0,0.0,0.0,42,knn_minus_proxy
kd_13efffb08aa3d0e439742776,-1.445714763258442,0.0,-12.0,0.0,0.0,42,knn_minus_proxy
kd_50c0d02613c6ca3ba4fe4df1,-0.7102494040426649,0.0,33.0,0.0,0.0,42,knn_minus_proxy
kd_25de202b286f85e95bad9ffc,0.052299758877566216,0.0,-23.0,0.0,0.0,42,knn_minus_proxy
kd_0f7a3f96892e9379826b6755,-0.05229975887756644,0.0,0.0,0.0,0.0,42,knn_minus_proxy
kd_f15db617dcc4c8762ed2d589,0.15689927663269887,0.0,-60.0,1.0,0.0,42,knn_minus_proxy
kd_b110ddb367a0f8167a7dfa9c,0.0672425471282997,0.0,-9.0,0.0,0.0,42,knn_minus_proxy
kd_86697c70ae5e12f0c5b6aed4,-0.17184206488343223,0.0,0.0,0.0,0.0,42,knn_minus_proxy
kd_add43391da210c3e1b157227,0.022414182376099878,0.0,2.0,0.0,0.0,42,knn_minus_proxy
kd_d1d640853132fc17ba37f815,0.4445479504593142,0.0,57.0,-1.0,0.0,42,knn_minus_proxy
kd_d26a1ccfdc5e29d184db77fe,-0.5267332858383471,0.0,7.0,0.0,1.0,42,knn_minus_proxy
kd_4a0b566c572101857260ba19,0.3408823569698522,0.0,-60.0,0.0,0.0,42,knn_minus_proxy
kd_192c5b80f8ba0cf00211b58c,-0.0466962132835414,0.0,-48.0,0.0,0.0,42,knn_minus_proxy
kd_3c7df3bbc64e416eacdc3b97,-0.12888154866257429,0.0,38.0,0.0,0.0,42,knn_minus_proxy
kd_67177a1d4a66e393ebb0d10f,-0.5977115300293301,0.0,-22.0,0.0,0.0,42,knn_minus_proxy
kd_03c8532d2fbb46edd80cb55a,-0.635068500656163,0.0,55.0,0.0,0.0,42,knn_minus_proxy
kd_c8255a1f881250bea9d24744,0.1200092681387013,0.0,-53.0,0.0,0.0,42,knn_minus_proxy
kd_82097ed0fcacd74298cc8d2d,0.4193319952862018,-1.0,-125.0,1.0,0.0,42,knn_minus_proxy
kd_0ecf6a0f2aa0bb19d4b754ab,-0.9339242656708282,0.0,0.0,0.0,0.0,42,knn_minus_proxy
kd_ea0da14e287368179aecbe7d,0.011207091188049911,0.0,0.0,0.0,0.0,42,knn_minus_proxy
kd_1630d917a79188d8c5435cce,0.0,0.0,0.0,0.0,0.0,42,knn_minus_proxy
kd_b4ca5c72954c93f5fa907cf7,0.6275971065307966,0.0,0.0,0.0,0.0,42,knn_minus_proxy
kd_b6e759e6f1d1cfa4f3866a0a,0.0,0.0,0.0,0.0,0.0,42,knn_minus_proxy
kd_09a3e23137f3c535fd5ce71c,0.0,0.0,0.0,0.0,0.0,42,knn_minus_proxy
kd_e12416d3adebadb26b22db83,-1.1095020276169438,0.0,-102.0,0.0,0.0,42,knn_minus_proxy
kd_79142af4a61394f005aed390,0.08965672950439951,0.0,-35.0,0.0,0.0,42,knn_minus_proxy
kd_8595082b4be2adbf36df2397,0.022414182376099934,0.0,41.0,0.0,0.0,42,knn_minus_proxy
kd_7b7ad7282c5dbdfd501944a2,0.0,0.0,0.0,0.0,0.0,42,knn_minus_proxy
kd_2bb218d77d9786a30617fce9,-0.5304689829010304,0.0,0.0,0.0,0.0,42,knn_minus_proxy
kd_86d096064ddcc9bcd47b348c,0.1793134590087988,0.0,0.0,0.0,0.0,42,knn_minus_proxy
kd_f50a0d1e71d129f5c4f8dcba,-0.014942788250733141,0.0,-1.0,0.0,0.0,42,knn_minus_proxy
kd_0aceef94927d94d499ba1117,0.08031748684769124,0.0,14.0,0.0,0.0,42,knn_minus_proxy
kd_fc7db40650f051e1a7b3b25c,0.02953535490184,0.0,13.0,0.0,0.0,42,knn_minus_proxy
kd_4259334244c0e7a98a7a4467,0.0971281236297663,0.0,-30.0,0.0,0.0,42,knn_minus_proxy
kd_ab05f25840a0bdcb28d8c4b6,-0.26149879438783175,-1.0,-7.0,0.0,0.0,42,knn_minus_proxy
kd_2a0da9d2f1b7527e78849cd8,0.22974536935502377,0.0,-244.0,1.0,1.0,42,knn_minus_proxy
kd_289e471b468be0dd1cfc130b,0.478169224023464,0.0,-71.0,1.0,0.0,42,knn_minus_proxy
kd_6fbe8e49e73593b8e40b2985,0.4445479504593145,0.0,19.0,0.0,0.0,42,knn_minus_proxy
kd_ed869b316e0b90de53aa8a6a,0.1270137001312328,0.0,1.0,0.0,0.0,42,knn_minus_proxy
kd_64c8f1ef4af48e288af57579,-0.11207091188049922,0.0,0.0,0.0,0.0,42,knn_minus_proxy
kd_752ab4534ea407f3576791de,-0.2222739752296572,0.0,0.0,0.0,0.0,42,knn_minus_proxy
kd_eaa0a2b11f10c99e19680e57,0.13448509425659927,1.0,-26.0,0.0,0.0,42,knn_minus_proxy
kd_67adcc095cd9aa4d7b363e72,-0.3735697062683315,0.0,54.0,0.0,0.0,42,knn_minus_proxy
kd_aba477edf0e6dbe37affdf05,-0.22787752082368207,0.0,-98.0,0.0,0.0,42,knn_minus_proxy
kd_26e668bec024526b0d237184,0.0,0.0,0.0,0.0,0.0,42,knn_minus_proxy
kd_8f3a7c444b919fefb1ad42f5,-0.4034552827697978,0.0,-140.0,1.0,0.0,42,knn_minus_proxy
kd_42cedabbc8044ad805908ff6,-0.011207091188049967,0.0,36.0,0.0,0.0,42,knn_minus_proxy
kd_9fbd59ca280e2f7c4c3a6796,0.0,0.0,0.0,0.0,0.0,42,knn_minus_proxy
kd_cf3a39f7a30b2ea12c3e3ba4,-0.6444077433128714,0.0,-82.0,0.0,0.0,42,knn_minus_proxy
kd_e995a0867d374d01a5be11fd,-0.5229975887756637,0.0,-32.0,0.0,0.0,42,knn_minus_proxy
kd_8e8e9162242a8bab5b026832,0.2362828392147195,0.0,-40.0,0.0,0.0,42,knn_minus_proxy
kd_7fcdb2e651cb227d61f7128f,0.0,0.0,0.0,0.0,0.0,42,knn_minus_proxy
kd_4625d016594b13610eaf3274,-0.9241180608812845,0.0,-85.0,0.0,1.0,42,knn_minus_proxy
kd_2d70579b7cf34ab8b881b000,0.0,0.0,0.0,0.0,0.0,42,knn_minus_proxy
kd_4cf2ef59848e28715b0a597c,-0.25776309732514857,0.0,0.0,0.0,0.0,42,knn_minus_proxy
kd_f857f68af9fbc270c5008dae,0.1782627942099193,0.0,-31.0,0.0,0.0,42,knn_minus_proxy
kd_e68b62838507b9b07e05da8d,0.4884423909458432,0.0,-29.0,0.0,0.0,42,knn_minus_proxy
kd_d823dc74da5e744a9c5211c1,0.12141015453720766,0.0,1.0,0.0,0.0,42,knn_minus_proxy
kd_e1433b2d913ab922c068ae75,0.0,0.0,0.0,0.0,0.0,42,knn_minus_proxy
kd_6a87f8b62aaa939421669490,0.2316132178863654,0.0,-37.0,0.0,0.0,42,knn_minus_proxy
kd_9c0f35b5ee363766658fa9fe,0.5342046799637137,0.0,0.0,0.0,0.0,42,knn_minus_proxy
kd_f5909a5db98cbcff855a9f3e,-0.05977115300293323,0.0,-6.0,0.0,0.0,42,knn_minus_proxy
kd_1a269e8a183e99f05159d878,0.5598875972696614,0.0,75.0,0.0,0.0,42,knn_minus_proxy
kd_051c247edfdb5485f2c1ab04,0.0,0.0,0.0,0.0,0.0,42,knn_minus_proxy
kd_85c2fafd20b581654035d0f1,1.0109730175886715,0.0,-103.0,0.0,0.0,42,knn_minus_proxy
kd_7a000af99dd910c536d74f8f,-0.6500112889068963,-1.0,0.0,0.0,0.0,42,knn_minus_proxy
kd_83172de6d67da8a1fa3e7927,0.0,0.0,0.0,0.0,0.0,42,knn_minus_proxy
kd_367e035e5c26e544a66bb970,0.5496144303472823,0.0,-190.0,1.0,1.0,42,knn_minus_proxy
kd_95e2d25d4657888961b58b46,-0.24655600613709872,0.0,5.0,0.0,0.0,42,knn_minus_proxy
kd_763925f81f998cbd44083bd0,0.0037356970626832853,0.0,-19.0,0.0,0.0,42,knn_minus_proxy
kd_badba8e96cf959cefcaf1f1e,1.0534665716766942,0.0,-222.0,0.0,1.0,42,knn_minus_proxy
kd_1e83dcea3dec4ec644646014,0.0,0.0,0.0,0.0,0.0,42,knn_minus_proxy
kd_6186761abcaaedbf9bb574f1,-0.16810636782074917,0.0,-10.0,0.0,0.0,42,knn_minus_proxy
kd_2488e674ed614fbed37f6015,0.1790799779423813,0.0,-9.0,0.0,0.0,42,knn_minus_proxy
kd_6544e5e4d9f5d0ed92b2020c,0.2390846120117327,0.0,-167.0,1.0,0.0,42,knn_minus_proxy
kd_29eeb12d74e5ef3f01667ceb,0.2540274002624652,0.0,28.0,0.0,0.0,42,knn_minus_proxy
kd_f559118ba8bef09810af916e,0.6948396536590962,0.0,0.0,0.0,0.0,42,knn_minus_proxy
kd_14a51154c0b60f1506c64150,-0.38477679745638116,0.0,-16.0,0.0,0.0,42,knn_minus_proxy
kd_ebd5112eb8df2c99d6daca41,0.01867848531341651,0.0,-30.0,0.0,0.0,42,knn_minus_proxy
kd_c12d4113db3ed7ef546595d8,0.0317534250328082,0.0,15.0,0.0,0.0,42,knn_minus_proxy
kd_42f66aa9b511a4450e6db56d,1.3840757617241675,0.0,-12.0,0.0,1.0,42,knn_minus_proxy
kd_a71863453c9b8aebebf9abf6,0.0,0.0,0.0,0.0,0.0,42,knn_minus_proxy
kd_0c8a28ad95050087db9ccbd7,0.16437067075806588,0.0,0.0,0.0,0.0,42,knn_minus_proxy
kd_9bf706330f1dbb43cb189bcf,-0.571561650590547,0.0,40.0,0.0,0.0,42,knn_minus_proxy
kd_ffd971ab3dc06e3ac3df4d6a,-0.5229975887756637,0.0,-2.0,0.0,0.0,42,knn_minus_proxy
kd_1ca76deb0e06433a778b7e84,0.061639001534274596,0.0,41.0,0.0,0.0,42,knn_minus_proxy
kd_aa055010781c1e019ef3d80a,-0.14569218544464924,0.0,14.0,0.0,0.0,42,knn_minus_proxy
kd_84822e7c0fb605ca1ffa73c7,-0.5379403770263971,0.0,123.0,-1.0,0.0,42,knn_minus_proxy
kd_6fc8b1070b637d9af5702a73,0.23114625575352998,0.0,-11.0,0.0,0.0,42,knn_minus_proxy
kd_fb946893662533a221acd495,0.0,0.0,0.0,0.0,0.0,42,knn_minus_proxy
kd_0c1fcda6e46b9f5d6097ee6a,0.11954230600586602,0.0,-12.0,0.0,0.0,42,knn_minus_proxy
kd_20acd2db15e21078427bf826,0.0,0.0,0.0,0.0,0.0,42,knn_minus_proxy
kd_24f6ff0687bf1363d989a142,-0.32500564445344815,0.0,-94.0,1.0,1.0,42,knn_minus_proxy
kd_e4381a69329bd6264953a1da,-0.6705576227516545,0.0,171.0,-1.0,0.0,42,knn_minus_proxy
kd_0fa072b020347c84d0f9f9e0,-0.5360725284950553,0.0,109.0,0.0,0.0,42,knn_minus_proxy
kd_a7fe3db4d8084a3554050976,-0.6967075021904379,0.0,93.0,-1.0,0.0,42,knn_minus_proxy
kd_226475783237b2de05959e8a,-0.3978517371757728,0.0,-11.0,0.0,0.0,42,knn_minus_proxy
kd_82f951245b1dda7314a68294,0.1965910579237092,0.0,0.0,0.0,0.0,42,knn_minus_proxy
kd_748ec285b3988b22a6fd8374,0.26523449145051514,0.0,0.0,0.0,0.0,42,knn_minus_proxy
kd_78df0e4099ba4e84c9b38c3a,0.5239315130413347,0.0,-15.0,0.0,0.0,42,knn_minus_proxy
kd_802ac4885cac8723e268820d,-0.5127244218532847,0.0,95.0,0.0,0.0,42,knn_minus_proxy
kd_a7fd594adb76fe9a5852764f,0.04436140261936429,1.0,50.0,0.0,0.0,42,knn_minus_proxy
kd_b122bfb7fe8ede08e8bb415d,0.0,0.0,16.0,-1.0,0.0,42,knn_minus_proxy
kd_2bcd91836cecc2ec105b5a7a,0.05696938020592049,0.0,56.0,0.0,0.0,42,knn_minus_proxy
kd_325988d77939660a8e9793eb,-0.4109266768951644,0.0,5.0,0.0,0.0,42,knn_minus_proxy
kd_15b91891c359cc93c4d5dc07,0.11207091188049934,0.0,0.0,0.0,1.0,42,knn_minus_proxy
kd_e7deeb908b4c9779cc1f250e,0.032687349298478996,0.0,3.0,0.0,0.0,42,knn_minus_proxy
kd_2ec551d0ea262c092b9b06e8,0.0,0.0,0.0,0.0,0.0,42,knn_minus_proxy
kd_b6d470cdf01032207a171faa,0.23908461201173212,0.0,-3.0,0.0,0.0,42,knn_minus_proxy
kd_e9b30d3fb2b21648b8f15b1f,-0.16810636782074906,0.0,94.0,-1.0,0.0,42,knn_minus_proxy
kd_a6f5907b87ebeed9667a8ef7,0.0,0.0,0.0,0.0,0.0,42,knn_minus_proxy
kd_7c35bcee3a72947238d26ec9,0.44454795045931417,0.0,-75.0,0.0,0.0,42,knn_minus_proxy
kd_9663dc0445544f3d9b6421f6,-0.2437542333400862,0.0,-11.0,0.0,0.0,42,knn_minus_proxy
kd_a9452342ddea3892ab46345c,-0.16063497369538238,0.0,0.0,0.0,0.0,42,knn_minus_proxy
kd_3017401732c33f9490fb79bd,-1.507353764792717,0.0,-36.0,0.0,0.0,42,knn_minus_proxy
kd_1a2a8f2ad67f8bdc6147bf3a,-0.0037356970626832853,0.0,-9.0,0.0,0.0,42,knn_minus_proxy
kd_40ac11f63f31a7501a637338,-0.1953652823250163,0.0,19.0,0.0,0.0,42,knn_minus_proxy
kd_75d8ff20f11e75b72e068de6,0.0,0.0,0.0,0.0,0.0,42,knn_minus_proxy
kd_b3da0a72d89e29d87b1acf56,-0.0037356970626832853,0.0,76.0,0.0,0.0,42,knn_minus_proxy
kd_c27de7b13324d1108ef1172e,-0.4856406181488307,0.0,-36.0,0.0,0.0,42,knn_minus_proxy
kd_199ec2bc091a07547aa118c2,-0.23908461201173203,1.0,15.0,0.0,0.0,42,knn_minus_proxy
kd_17e7c1f63b2ca1bf0ebaeb84,-0.10086382069244948,0.0,94.0,-1.0,0.0,42,knn_minus_proxy
kd_a955023c928fb3bc77dead05,-0.19425624725953206,0.0,12.0,0.0,0.0,42,knn_minus_proxy
kd_1ab792535d936d204130a63d,0.0917580591021588,0.0,-5.0,0.0,0.0,42,knn_minus_proxy
kd_b87df26623a45147b4911f14,0.044828364752199645,0.0,18.0,0.0,0.0,42,knn_minus_proxy
kd_fe5993bcd7ba344b5a136aa3,-0.30445931060869,0.0,-48.0,0.0,0.0,42,knn_minus_proxy
kd_afb3ba49f097d119e49e3fe0,-0.10033484015134679,0.0,-12.0,0.0,0.0,42,knn_minus_proxy
kd_42e0de0b60f99f460f80671c,0.0,0.0,0.0,0.0,0.0,42,knn_minus_proxy
kd_8df7cc2db49186bba9541c22,-0.2904504466236275,0.0,0.0,0.0,0.0,42,knn_minus_proxy
kd_31a829970bb4c83c7ab4548f,0.1597010494297117,0.0,0.0,0.0,0.0,42,knn_minus_proxy
kd_55e56447b486ce90456fd651,-0.04856406181488304,0.0,0.0,0.0,0.0,42,knn_minus_proxy
kd_4da3a59766f0961bed8e8004,-0.11954230600586602,0.0,-36.0,0.0,0.0,42,knn_minus_proxy
kd_2276dce93dc09df494cd3665,-0.9880918730797364,0.0,38.0,0.0,0.0,42,knn_minus_proxy
kd_dd50ae44f1aec029b28e45df,0.1923883987281907,0.0,56.0,0.0,0.0,42,knn_minus_proxy
kd_87fd2187baacc3ac73021e73,0.0028017727970124917,0.0,27.0,0.0,0.0,42,knn_minus_proxy
kd_d254ecd9d2c44b185bfdb665,0.09712812362976608,0.0,-4.0,0.0,0.0,42,knn_minus_proxy
kd_bc78fa42c32027c76c4cb54b,-0.21667042963563188,0.0,0.0,0.0,0.0,42,knn_minus_proxy
kd_96899161374a07ffc3eaa0cf,0.11300483614617021,0.0,-104.0,0.0,0.0,42,knn_minus_proxy
kd_7f6a192fa9ba5ffb2c0ab1fc,-0.19238839872819058,0.0,-8.0,0.0,0.0,42,knn_minus_proxy
kd_67d59adb743926615c9faf5f,1.1356519070557272,0.0,-149.0,1.0,0.0,42,knn_minus_proxy
kd_ac40c9b5469a30d72147b730,-0.038290894892503896,0.0,-45.0,0.0,0.0,42,knn_minus_proxy
kd_3d789b2f78ffc7376d7de661,0.08965672950439951,0.0,-32.0,0.0,0.0,42,knn_minus_proxy
kd_7e56fe7174e265e41bf4afec,0.6275971065307966,0.0,-29.0,0.0,0.0,42,knn_minus_proxy
kd_da0c97d36ca33f19eb8c13b1,0.0,0.0,0.0,0.0,0.0,42,knn_minus_proxy
kd_f0edfff8855a782029537abd,0.10459951775513276,0.0,-41.0,0.0,0.0,42,knn_minus_proxy
kd_52c8620ec9294e9d8434e1ec,-0.14942788250733252,0.0,-42.0,0.0,1.0,42,knn_minus_proxy
kd_2e2e27ac59ab82a2511b735f,-0.5678259535278636,0.0,0.0,0.0,0.0,42,knn_minus_proxy
kd_d462b092f427cd31cae5cb8d,-0.19238839872819063,0.0,-147.0,0.0,0.0,42,knn_minus_proxy
kd_b91bbc7f3a1ede90552d52d8,0.0,0.0,0.0,0.0,0.0,42,knn_minus_proxy
kd_3a3b2fddc100b32b2226ad90,0.0,0.0,0.0,0.0,0.0,42,knn_minus_proxy
kd_c6ebcc27be318fae935a6101,-0.3511555238922316,0.0,87.0,0.0,0.0,42,knn_minus_proxy
kd_0b63333a947642c7b1301f73,0.2204061266983155,0.0,0.0,0.0,0.0,42,knn_minus_proxy
kd_9ca9660c7b872f998d43ce37,-0.10833521481781616,0.0,-23.0,0.0,0.0,42,knn_minus_proxy
kd_2be4d3c2fd5884a54727d97f,0.0,0.0,0.0,0.0,0.0,42,knn_minus_proxy
kd_5384f336b14f189793b90848,0.0,0.0,0.0,0.0,0.0,42,knn_minus_proxy
kd_14dbade9267804825ba62e2f,0.5257993615726761,0.0,-64.0,0.0,0.0,42,knn_minus_proxy
kd_006d737db8deef4192483b68,0.5977115300293301,0.0,-54.0,0.0,0.0,42,knn_minus_proxy
kd_ce48f78d0523145c4b29299a,-0.6649540771576298,0.0,82.0,-1.0,0.0,42,knn_minus_proxy
kd_3f9f6c6a9ad4892e1410f832,-1.0011668127991278,0.0,-38.0,0.0,0.0,42,knn_minus_proxy
kd_3aa3a6c789c08ba74724e49e,-0.4146623739578478,0.0,-26.0,0.0,1.0,42,knn_minus_proxy
kd_51d7fdc7febe6070c3752f93,-0.11207091188049945,0.0,45.0,-1.0,0.0,42,knn_minus_proxy
kd_5a1643dcfb70ce5ea68d25f6,0.6995092749874503,0.0,0.0,0.0,0.0,42,knn_minus_proxy
kd_1148daf4b1c7855fd786f047,0.32500564445344804,0.0,-55.0,0.0,1.0,42,knn_minus_proxy
kd_821e8bed368743cb8949bedb,0.029885576501466393,0.0,11.0,0.0,0.0,42,knn_minus_proxy
kd_aac1574e80ac87f8557064b8,0.59771153002933,0.0,-60.0,0.0,0.0,42,knn_minus_proxy
kd_5c554dbaea142c518dac12b0,0.0,0.0,0.0,0.0,0.0,42,knn_minus_proxy
kd_7366566281309e17126c41fd,0.0,0.0,0.0,0.0,0.0,42,knn_minus_proxy
kd_16fc4752242267eed1a7eb99,-0.08965672950439951,0.0,0.0,0.0,0.0,42,knn_minus_proxy
kd_85beb53ccc24e26a5bc92d7a,0.12701370013123273,0.0,-135.0,1.0,0.0,42,knn_minus_proxy
kd_43347729c3d598dac52e2dff,-0.042960516220858114,0.0,-25.0,0.0,0.0,42,knn_minus_proxy
kd_5d67c0982732e57da0b176ae,0.04856406181488304,0.0,-85.0,1.0,0.0,42,knn_minus_proxy
kd_cb90121acea3cc10b1cd0bdf,0.08965672950439929,0.0,0.0,0.0,0.0,42,knn_minus_proxy
kd_a6de584789832e35803199ee,-0.11393876041184109,0.0,-28.0,0.0,0.0,42,knn_minus_proxy
kd_6d6efc5947452ec5a720112a,-0.2540274002624654,0.0,-20.0,0.0,0.0,42,knn_minus_proxy
kd_0d00c76afa4987a9aff899ee,0.32500564445344815,1.0,-26.0,1.0,0.0,42,knn_minus_proxy
kd_d1a4b9346fa249ef85f6e378,0.5192618917129805,0.0,-33.0,0.0,1.0,42,knn_minus_proxy
kd_fdad39478f675422aa848a1c,-0.750875109599346,0.0,13.0,0.0,0.0,42,knn_minus_proxy
kd_05af3763f3fc7048c7fd3bd8,0.0,0.0,0.0,0.0,0.0,42,knn_minus_proxy
kd_fc97ff55f1b6b027235c854e,-0.029885576501466726,0.0,91.0,0.0,0.0,42,knn_minus_proxy
kd_fc7ea53f8df2775c425532b2,-0.24468815760575702,0.0,3.0,0.0,0.0,42,knn_minus_proxy
kd_738b1cab4a2d3d3ddd4c0bc4,0.6126543182800633,0.0,-142.0,0.0,0.0,42,knn_minus_proxy
kd_8646975820c0f4c20f5b4496,-0.2764415826385651,0.0,0.0,0.0,0.0,42,knn_minus_proxy
kd_0637d2ba500730c793ff2e4e,-0.15503142810135745,0.0,-30.0,0.0,0.0,42,knn_minus_proxy
kd_73e35b9b277fc64319d2d17f,0.7882320802261791,0.0,-89.0,0.0,0.0,42,knn_minus_proxy
kd_9c770ca4a5c9fb6e0e1dff93,0.6107864697487216,0.0,-94.0,0.0,0.0,42,knn_minus_proxy
kd_75f488d063803eeeb6666076,0.2390846120117319,0.0,-24.0,0.0,0.0,42,knn_minus_proxy
kd_af94251062d5e58be540de56,-1.1879516659332934,0.0,-25.0,0.0,0.0,42,knn_minus_proxy
kd_aadcfae83998198fbdcd6799,0.14195648838196573,0.0,-20.0,0.0,0.0,42,knn_minus_proxy
kd_92f53eafd9f43f45053e1dc8,0.20919903551026553,0.0,-57.0,0.0,0.0,42,knn_minus_proxy
kd_b463ef298a7278fd4e8a7698,-0.037356970626833075,0.0,20.0,0.0,1.0,42,knn_minus_proxy
kd_5f775e49ea0f06a0b64ee81e,0.5454117711517636,0.0,2.0,0.0,-1.0,42,knn_minus_proxy
kd_0a11333097835c8000a298e8,0.16437067075806577,0.0,-58.0,0.0,0.0,42,knn_minus_proxy
kd_ff12214927cffc1bc78a3f3b,-0.2297453693550237,0.0,-68.0,0.0,0.0,42,knn_minus_proxy
kd_955b68ce87e0b551b0f22cc1,0.037356970626833186,0.0,17.0,0.0,0.0,42,knn_minus_proxy
kd_00ddc07213c50dbb42a236b4,0.3735697062683313,0.0,0.0,0.0,0.0,42,knn_minus_proxy
kd_3a93cb91626c91324299e6b3,-0.0742469791208309,0.0,-18.0,0.0,0.0,42,knn_minus_proxy
kd_3678c9bd88df7259ac3be8d7,1.3747365190674592,0.0,-1.0,1.0,0.0,42,knn_minus_proxy
kd_6536fbf15f66f2071646b558,0.1723090270162678,0.0,-33.0,0.0,0.0,42,knn_minus_proxy
kd_ef541e60f97b7051cfe71d83,0.0,0.0,0.0,0.0,0.0,42,knn_minus_proxy
kd_8f656d90b7ba87bf9e9df386,-0.1232780030685493,0.0,-12.0,0.0,0.0,42,knn_minus_proxy
kd_30ca0cbde6249db0b42c9ca4,0.310062856202715,0.0,2.0,0.0,0.0,42,knn_minus_proxy
kd_d7079c7e3d74a15c9ce4741e,0.3081950076713733,0.0,0.0,0.0,0.0,42,knn_minus_proxy
kd_39ce005bc1284f9eff126627,0.4734996026951099,0.0,23.0,0.0,0.0,42,knn_minus_proxy
kd_8668f267ac7a52bca77258b0,0.23908461201173214,0.0,0.0,0.0,0.0,42,knn_minus_proxy
kd_21e05f9048486f62561d70cb,-0.044828364752199756,0.0,0.0,0.0,0.0,42,knn_minus_proxy
kd_c8f73e4da8bbc74402e4457a,0.22414182376099867,0.0,4.0,0.0,0.0,42,knn_minus_proxy
kd_97455520dd0400652f19b288,-0.17931345900879925,0.0,-117.0,0.0,0.0,42,knn_minus_proxy
kd_51b5f42b31396d4dfad14080,0.11020306334915775,0.0,166.0,0.0,0.0,42,knn_minus_proxy
kd_283aa47667ab0f8f72b4f7fb,0.0,0.0,0.0,0.0,0.0,42,knn_minus_proxy
kd_e5f205930c45d3a8c2690b73,0.5440108847532574,0.0,-30.0,0.0,-1.0,42,knn_minus_proxy
kd_6b5fc0131d5fa6acf679a964,0.5229975887756636,0.0,0.0,0.0,0.0,42,knn_minus_proxy
kd_29d7e1c97e11797659573572,-0.044828364752199756,0.0,-7.0,0.0,0.0,42,knn_minus_proxy
kd_2b4c5db78039873bcd0c5243,-0.5304689829010305,0.0,39.0,0.0,0.0,42,knn_minus_proxy
kd_8af5e2303bb6525d507373c2,0.0,0.0,0.0,0.0,0.0,42,knn_minus_proxy
kd_bd07da4570d7d8257c80f9c8,-0.4613585872413892,0.0,4.0,0.0,0.0,42,knn_minus_proxy
kd_11a0a7838ceb038b878b1384,0.0,0.0,0.0,0.0,0.0,42,knn_minus_proxy
kd_337de4cac2c2b6013d965258,-0.49311201227419743,0.0,24.0,-1.0,0.0,42,knn_minus_proxy
kd_82c59f52ef83959fb4719b7f,0.532336831432372,0.0,-2.0,0.0,0.0,42,knn_minus_proxy
kd_c413db9546b13dd02b7651cc,-0.310062856202715,0.0,-131.0,1.0,1.0,42,knn_minus_proxy
kd_a34d08150abb6ab91810237c,-0.1550314281013575,0.0,-9.0,0.0,0.0,42,knn_minus_proxy
kd_03c4977c72f101e6ffa0d554,0.0,0.0,0.0,0.0,0.0,42,knn_minus_proxy
kd_d94070ac7ac057dd328baf23,-0.260564870122161,0.0,-51.0,0.0,0.0,42,knn_minus_proxy
kd_0793f9bcfee6188a7909ed5d,0.0,0.0,0.0,0.0,0.0,42,knn_minus_proxy
kd_37e005e20c8045235504784d,-0.2521595517311236,0.0,157.0,-1.0,0.0,42,knn_minus_proxy
kd_cce166c6ae4ade447f92df31,-1.1991587571213433,0.0,-61.0,0.0,0.0,42,knn_minus_proxy
kd_4b625e06304655df1a468cdf,0.48190492108614735,0.0,2.0,0.0,0.0,42,knn_minus_proxy
kd_5e9254e9fad91fc915dc82b3,-0.1625028222267241,0.0,-7.0,0.0,0.0,42,knn_minus_proxy
kd_236dca1fd7f3100029dee6d5,-0.17184206488343223,0.0,0.0,0.0,0.0,42,knn_minus_proxy
kd_ff09ac0a847e09a7e7e89710,-0.4706978298980974,0.0,-38.0,0.0,0.0,42,knn_minus_proxy
kd_4795e2d66ea2fb9712fb73f7,-0.10086382069244942,0.0,16.0,0.0,0.0,42,knn_minus_proxy
kd_2171f943ee83b0e11c23beff,0.17184206488343245,0.0,0.0,0.0,0.0,42,knn_minus_proxy
kd_d86001e07af2e2fd8e02d0e9,0.0,0.0,0.0,0.0,0.0,42,knn_minus_proxy
kd_ce0a7427a6f6a61142fb7ea0,-0.05977115300293301,1.0,0.0,0.0,0.0,42,knn_minus_proxy
kd_a9e7370ede480a455e83ad2b,0.0,0.0,0.0,0.0,0.0,42,knn_minus_proxy
kd_4c3f5995c10e7e602c95221e,-0.2801772797012484,0.0,143.0,-1.0,0.0,42,knn_minus_proxy
kd_8da15d7c749e6ac90c6b6436,-0.021480258110429085,0.0,7.0,0.0,0.0,42,knn_minus_proxy
kd_1b4c1c215484dd7870c27c8e,0.0,0.0,0.0,0.0,0.0,42,knn_minus_proxy
kd_a9b4f902f6a3da82280503f3,0.4127945254265062,0.0,17.0,0.0,0.0,42,knn_minus_proxy
kd_ebcb4ed0d2ab9791fd2e428c,0.7172538360351961,-1.0,32.0,0.0,0.0,42,knn_minus_proxy
kd_623ef34c85aa74b0958ee4c9,0.6070507726860384,0.0,-243.0,1.0,1.0,42,knn_minus_proxy
kd_ca27925b457fc5e4b1669206,0.0,0.0,0.0,0.0,0.0,42,knn_minus_proxy
kd_16966534cf8172598e749081,-0.4688299813667558,0.0,-82.0,0.0,0.0,42,knn_minus_proxy
kd_87fda711fc4d6256cd5bf7c4,0.08125141111336201,0.0,-6.0,1.0,0.0,42,knn_minus_proxy
kd_3a8fb93118a1b39075962739,-0.020079371711922797,0.0,-55.0,0.0,0.0,42,knn_minus_proxy
kd_7d5b9fc0bd59b96425a64085,0.37964021399519154,0.0,-18.0,0.0,1.0,42,knn_minus_proxy
kd_82b876bbfef53a260e4b4e20,0.13074939719391576,0.0,0.0,0.0,0.0,42,knn_minus_proxy
kd_044bde64f9986a05674ea4d2,1.0646736628647442,0.0,-133.0,0.0,1.0,42,knn_minus_proxy
kd_821e0f654adcb99f6f68c9f3,0.39038034305040625,0.0,44.0,0.0,0.0,42,knn_minus_proxy
kd_ab78b15678105538aa51021a,0.0,0.0,0.0,0.0,0.0,42,knn_minus_proxy
kd_f016fcf9b0d0e769354f9c85,0.3137985532653982,0.0,-22.0,0.0,0.0,42,knn_minus_proxy
kd_ca15fd55ffff62883064e0ad,-0.1961240957908739,0.0,-31.0,0.0,0.0,42,knn_minus_proxy
kd_f707be2d82f4e5e385e2c5ca,-0.044828364752199645,0.0,93.0,0.0,0.0,42,knn_minus_proxy
kd_d974ecf03aa672b03b4c8ab3,-0.7588134658575478,0.0,0.0,0.0,0.0,42,knn_minus_proxy
kd_cf2814ca44f9ef14b93bafbd,0.0,0.0,-5.0,0.0,0.0,42,knn_minus_proxy
kd_0aa8fe11dc4c97d22c54c355,-0.7767915079717114,0.0,-10.0,0.0,0.0,42,knn_minus_proxy
kd_19a2ff75aab347a6d8ff24f5,-0.037356970626833186,0.0,7.0,0.0,0.0,42,knn_minus_proxy
kd_f5fba225b2fd620271ec8add,-0.19425624725953217,0.0,4.0,0.0,0.0,42,knn_minus_proxy
kd_d3c2c827120bcab2893845cd,0.0,0.0,0.0,0.0,0.0,42,knn_minus_proxy
kd_3d43bfe87cb6a72af076a5e9,0.04856406181488315,0.0,10.0,0.0,0.0,42,knn_minus_proxy
kd_9b8942e49d6f80fef85d3613,-0.26149879438783175,0.0,0.0,0.0,0.0,42,knn_minus_proxy
kd_8d26378843b90a1a62657931,-0.08650473510776041,0.0,-2.0,0.0,0.0,42,knn_minus_proxy
kd_65077295286db4782b024d16,-0.6985753507217796,0.0,32.0,0.0,0.0,42,knn_minus_proxy
kd_086124d3689ecd3b2c30c2ec,0.3698340092056479,0.0,17.0,0.0,0.0,42,knn_minus_proxy
kd_3bea970098f23cf84826519f,0.18865270166550724,0.0,-74.0,1.0,0.0,42,knn_minus_proxy
kd_8dd9857d10ad3ebc22616bd8,0.06724254712829958,0.0,1.0,0.0,0.0,42,knn_minus_proxy
kd_4d0d6fa57578f0d0efa044b5,0.3810411003936979,0.0,2.0,0.0,0.0,42,knn_minus_proxy
kd_d8024c1ddef532bacd6784bb,-0.2876486738266151,0.0,0.0,0.0,0.0,42,knn_minus_proxy
kd_5e6e8d005c00a2aee63800cb,0.0,0.0,0.0,0.0,0.0,42,knn_minus_proxy
kd_4559241bcfb1aa502210e545,-0.4013539531720384,0.0,17.0,0.0,0.0,42,knn_minus_proxy
kd_0cc4301791a6eb00666c5bad,-0.7854303074291665,0.0,-17.0,0.0,0.0,42,knn_minus_proxy
kd_488876812436c1253e955a11,0.33247703857881483,0.0,0.0,0.0,0.0,42,knn_minus_proxy
kd_74d1bdb4886aaffcb6d14efb,0.5454117711517638,0.0,-92.0,0.0,0.0,42,knn_minus_proxy
kd_762dd58b7f22d9748b8e32a8,-0.1998597928535572,0.0,46.0,-1.0,0.0,42,knn_minus_proxy
kd_f64afcc6a63b828ed0e1dedd,-0.268970188513199,0.0,0.0,0.0,0.0,42,knn_minus_proxy
kd_236e7384e46f828df553b991,0.08592103244171612,0.0,13.0,0.0,0.0,42,knn_minus_proxy
kd_6cf4ad7884cfe1898b9104e6,0.01494278825073328,0.0,0.0,0.0,0.0,42,knn_minus_proxy
kd_8abd8b27600a81a506daa920,-0.029885576501466504,0.0,-6.0,0.0,0.0,42,knn_minus_proxy
kd_e776273c909299fce421471d,-0.025215955173112287,-1.0,0.0,-1.0,0.0,42,knn_minus_proxy
kd_d91f830455a641ac96855ff6,-0.09712812362976614,0.0,0.0,0.0,0.0,42,knn_minus_proxy
kd_80f12ca54f6cf986ef496efd,-0.3735697062683313,0.0,-2.0,0.0,0.0,42,knn_minus_proxy
kd_8777e1296f5125ef0ee39d74,0.14942788250733252,0.0,-69.0,0.0,1.0,42,knn_minus_proxy
kd_ea604f4141334eba9623b292,-0.3773054033310146,0.0,-24.0,0.0,0.0,42,knn_minus_proxy
kd_5c16e3d38ecd0176c0e3a23c,0.4711647920309329,0.0,7.0,0.0,1.0,42,knn_minus_proxy
kd_0b7e493dc98010cdcff214c8,-0.10459951775513276,0.0,-46.0,0.0,0.0,42,knn_minus_proxy
kd_7c575b69653cbd6bdccbc595,0.0,0.0,0.0,0.0,0.0,42,knn_minus_proxy
kd_9a565ac42a71dae4a9da998e,0.9675455392349781,0.0,23.0,0.0,0.0,42,knn_minus_proxy
kd_5b26426cf847bd2eef163de0,0.6042489998890259,1.0,-97.0,1.0,0.0,42,knn_minus_proxy
kd_4e39a90863e91542e1fd29e2,-0.0037356970626832853,0.0,-25.0,0.0,0.0,42,knn_minus_proxy
kd_fa631b7a92e860d0dad33e1c,0.0,0.0,0.0,0.0,0.0,42,knn_minus_proxy
kd_5209236ae7729d9ac7e48716,0.014942788250733197,0.0,-84.0,0.0,1.0,42,knn_minus_proxy
kd_98d59f41efa9c09e3abc4ebb,0.32500564445344826,0.0,80.0,0.0,0.0,42,knn_minus_proxy
kd_53ba6f4544a286c85e14ca20,0.9469992053902201,0.0,3.0,0.0,0.0,42,knn_minus_proxy
kd_49c248641eb2d6f1d1950084,-0.05229975887756633,0.0,0.0,0.0,0.0,42,knn_minus_proxy
kd_dbd08ce1073022ee3d124c6d,0.3100628562027149,0.0,-115.0,1.0,0.0,42,knn_minus_proxy
kd_06e345cbde874b568b26d1b4,0.04763013754921219,1.0,-17.0,0.0,0.0,42,knn_minus_proxy
kd_4813a77c7b4bf2fd040179aa,-0.3922481915817479,1.0,-40.0,0.0,0.0,42,knn_minus_proxy
kd_8444bdbe63e22390cd93bcd2,-0.0037356970626832853,0.0,-15.0,0.0,0.0,42,knn_minus_proxy
kd_83bb4e6461489c4c40824781,-0.011207091188049967,0.0,-35.0,1.0,0.0,42,knn_minus_proxy
kd_06eec941cd2ec2e1fa181ff1,0.0933924265670828,0.0,-4.0,1.0,0.0,42,knn_minus_proxy
kd_feb2b96e9a044e19ee29555e,-0.38851249451906456,0.0,0.0,0.0,0.0,42,knn_minus_proxy
kd_78df168c28f4e09a22bed868,0.1195423060058658,0.0,0.0,0.0,0.0,42,knn_minus_proxy
kd_e91d0044e10bda49a8c28677,-0.8293247479156954,1.0,-20.0,0.0,0.0,42,knn_minus_proxy
kd_8b9e6a55490f80296d500706,0.0,0.0,0.0,0.0,0.0,42,knn_minus_proxy
kd_662c3b6170b155c4362e053a,-0.7564786551933708,0.0,96.0,0.0,0.0,42,knn_minus_proxy
kd_3ecf1a348b52f623c83b3fe8,-1.068409359927427,0.0,112.0,0.0,0.0,42,knn_minus_proxy
kd_d1198ede1f47c356dd5f7e3a,0.2204061266983155,0.0,-171.0,1.0,1.0,42,knn_minus_proxy
kd_6bb685b772eaffd82c21b081,-0.41839807102053095,0.0,77.0,0.0,0.0,42,knn_minus_proxy
kd_ca499aa46528d8b7d3c94e4f,0.0,0.0,0.0,0.0,0.0,42,knn_minus_proxy
kd_55b7d1af43893646313ded93,-0.17744561047745738,0.0,-31.0,0.0,0.0,42,knn_minus_proxy
kd_9adcd16baf7bc4a68d2a398c,0.0,0.0,0.0,0.0,0.0,42,knn_minus_proxy
kd_f0019a4d77a3f9fe318e4d62,-1.2253086365601265,0.0,-37.0,0.0,0.0,42,knn_minus_proxy
kd_ebe3fac8574aee5567a18afc,1.2645334557183012,0.0,-176.0,1.0,0.0,42,knn_minus_proxy
kd_8c3f0cc2d75f0cf10c55ac07,0.4744335269607807,0.0,-172.0,1.0,0.0,42,knn_minus_proxy
kd_f4b4ae374e188551f3967af1,0.05603545594024961,0.0,-29.0,0.0,0.0,42,knn_minus_proxy
kd_a1c9700358857353340ccb81,0.3362127356414981,0.0,210.0,-1.0,0.0,42,knn_minus_proxy
kd_ebb24912bf0232486426305b,-0.40812490409815205,0.0,0.0,0.0,0.0,42,knn_minus_proxy
kd_e571063c330303bb0bca80be,0.0719121684566538,0.0,-19.0,0.0,0.0,42,knn_minus_proxy
kd_c755db06ddc0378ee0b76874,0.0,0.0,0.0,0.0,0.0,42,knn_minus_proxy
kd_9a367e042175ddc1fb0915ae,0.22787752082368218,0.0,-93.0,1.0,0.0,42,knn_minus_proxy
kd_eac3510935e7974ad86dc827,0.044828364752199756,0.0,-2.0,0.0,0.0,42,knn_minus_proxy
kd_35011030e3aa2e468d696867,1.0936253151005397,0.0,-199.0,1.0,0.0,42,knn_minus_proxy
kd_7636bfb822f4dd83b341bed4,-0.38851249451906456,0.0,0.0,0.0,0.0,42,knn_minus_proxy
kd_041ba9ce056458d281afdcff,0.0,0.0,0.0,0.0,0.0,42,knn_minus_proxy
kd_931b5f84a49c202ba066bee6,0.4408122533966311,0.0,-64.0,0.0,1.0,42,knn_minus_proxy
kd_25db436c71b9990defbe6aff,0.23534891494904864,0.0,0.0,0.0,0.0,42,knn_minus_proxy
kd_c219d01ea20a1da24142cf2e,-0.45201934458468096,0.0,10.0,0.0,0.0,42,knn_minus_proxy
kd_532e1623147754c42791b46c,-0.32874134151613177,0.0,0.0,0.0,0.0,42,knn_minus_proxy
kd_e389ec673f8ce08a1ce1635c,0.07097824419098286,0.0,50.0,0.0,0.0,42,knn_minus_proxy
kd_67f615fcff156ea034ef8879,-0.10086382069244942,0.0,-61.0,0.0,0.0,42,knn_minus_proxy
kd_4064ccf52794160905a9687e,0.3436841297668648,0.0,0.0,0.0,0.0,42,knn_minus_proxy
kd_d80b14cf752d3883efe74818,-1.1225769673363355,0.0,0.0,0.0,0.0,42,knn_minus_proxy
kd_10405fc8e8322e437a5c24ac,0.07097824419098298,0.0,-49.0,0.0,0.0,42,knn_minus_proxy
kd_4c8eacbf16c72610a070956e,0.16437067075806588,0.0,0.0,0.0,0.0,42,knn_minus_proxy
kd_b54bdc70997a546522943ca0,0.0,0.0,0.0,0.0,0.0,42,knn_minus_proxy
kd_b3288a802eef4ab284cfb3d7,0.22414182376099867,-1.0,-149.0,0.0,1.0,42,knn_minus_proxy
kd_8731918f836cf360d2c874b7,0.11954230600586602,0.0,-88.0,0.0,0.0,42,knn_minus_proxy
kd_1de6bd9c7bb9935883f16258,-0.8648138700111869,0.0,-69.0,0.0,0.0,42,knn_minus_proxy
kd_2ba2b251739dd370e7459fea,0.0,0.0,0.0,0.0,0.0,42,knn_minus_proxy
kd_03fcff9eb3f60d462f3e1746,0.30819500767137337,0.0,-36.0,0.0,0.0,42,knn_minus_proxy
kd_a054a32ad8c9bed42165f0bb,-0.0317534250328082,0.0,0.0,0.0,0.0,42,knn_minus_proxy
kd_5ccae99141c04f582d9d4e8c,-0.06724254712829958,0.0,-31.0,0.0,0.0,42,knn_minus_proxy
kd_b4572e45da1da4844245ee51,-0.22787752082368207,0.0,0.0,0.0,0.0,42,knn_minus_proxy
kd_23d251ff18c0ad88cacc6466,0.03128646289997279,0.0,-3.0,0.0,0.0,42,knn_minus_proxy
kd_342202bc6d17db6cc2c316ae,0.842399687635087,0.0,-20.0,0.0,0.0,42,knn_minus_proxy
kd_1129c1b82bb19e38ae4870ec,-0.17557776194611574,0.0,-14.0,0.0,0.0,42,knn_minus_proxy
kd_58df97ce2ea22fa28cc93c1c,-0.04856406181488304,0.0,9.0,0.0,0.0,42,knn_minus_proxy
kd_eff2c0bbcb525d453a94a003,0.8330604449783787,0.0,42.0,0.0,0.0,42,knn_minus_proxy
kd_713edb3c8b3d82b02b238234,-0.2652344914505153,0.0,6.0,0.0,0.0,42,knn_minus_proxy
kd_3c3dff2d87dfc836a257dbb8,0.0,0.0,0.0,0.0,0.0,42,knn_minus_proxy
kd_6c81d2cab0e5306b8114320b,-0.2115338461744426,0.0,-12.0,0.0,0.0,42,knn_minus_proxy
kd_0f645ab2f0cf6a296b667ee2,0.29138437088929836,0.0,-40.0,0.0,0.0,42,knn_minus_proxy
kd_bc813cbcb226739437b4fe74,0.3885124945190645,0.0,-9.0,0.0,0.0,42,knn_minus_proxy
kd_bf4df8885f043da35b45cddb,0.41209408222725297,0.0,-100.0,0.0,0.0,42,knn_minus_proxy
kd_fa78995a636106aaf585d94e,0.5827687417785969,0.0,23.0,0.0,0.0,42,knn_minus_proxy
kd_7bbd2160035d8ee6a921a11a,-0.011207091188049967,0.0,0.0,0.0,0.0,42,knn_minus_proxy
kd_03fa424bfb530e4d47902a35,0.5416760740890804,0.0,-16.0,0.0,0.0,42,knn_minus_proxy
kd_c1e4365ce2f64bd9ba0dc62a,-0.2848469010296027,0.0,-87.0,0.0,1.0,42,knn_minus_proxy
kd_32d138a29ca3c331c0afec3a,-0.007471394125366793,0.0,-33.0,0.0,0.0,42,knn_minus_proxy
kd_16038bbd91346c809dad8c15,0.07844963831634955,0.0,-17.0,0.0,0.0,42,knn_minus_proxy
kd_1aa2e448451d3ff61d14e990,-0.1690402920864199,0.0,-15.0,0.0,0.0,42,knn_minus_proxy
kd_e25d516d60676126b5d870aa,0.41092667689516404,0.0,-43.0,1.0,0.0,42,knn_minus_proxy
kd_675d73c25297ff53c2dc8559,0.18304915607148242,0.0,-1.0,0.0,0.0,42,knn_minus_proxy
kd_aab2b402e73cd25cd7e0d59a,0.0965444209637218,-1.0,-26.0,0.0,0.0,42,knn_minus_proxy
kd_4430ff871b6f0b3fa0ff9dae,0.5089887247906013,0.0,-9.0,0.0,0.0,42,knn_minus_proxy
kd_a28cd4d8cc2900e435373bc8,0.0233481066417707,0.0,5.0,0.0,0.0,42,knn_minus_proxy
kd_b68622ee718fd6e52012b13c,1.0740129055214525,0.0,-89.0,0.0,1.0,42,knn_minus_proxy
kd_498f2a7845ffb573474e40f0,0.1270137001312328,0.0,-160.0,1.0,0.0,42,knn_minus_proxy
kd_9540d3f6da989c518e04d119,0.17557776194611574,0.0,-11.0,1.0,0.0,42,knn_minus_proxy
kd_346696119c7964bcbae6018a,-0.08125141111336201,0.0,-42.0,0.0,0.0,42,knn_minus_proxy
kd_c07053f6dfb037715ce86394,0.14195648838196595,0.0,48.0,0.0,0.0,42,knn_minus_proxy
kd_1d0def496835e6600a3cc4b4,0.07844963831634966,0.0,14.0,0.0,0.0,42,knn_minus_proxy
kd_fe0c0fa50ae7379dc78fc33c,0.44081225339663077,0.0,0.0,0.0,0.0,42,knn_minus_proxy
kd_bff63c65835d118afd10e69d,-0.4903102394771848,0.0,49.0,0.0,0.0,42,knn_minus_proxy
kd_2843d67254c82288dfa42ff0,-0.2153862837703347,0.0,-107.0,0.0,0.0,42,knn_minus_proxy
kd_e7911b3a050a9bdc5b63db6b,0.2166704296356321,-1.0,-49.0,0.0,0.0,42,knn_minus_proxy
kd_fef504af01787a1429a14f66,0.2076814085785503,0.0,-5.0,0.0,1.0,42,knn_minus_proxy
kd_ae99c30704453d6bfc326643,0.19238839872819063,0.0,0.0,0.0,0.0,42,knn_minus_proxy
kd_66e992eec4020646eb40d96f,-0.6126543182800632,0.0,49.0,0.0,0.0,42,knn_minus_proxy
kd_73dbc68edc7127fcf9339f15,-0.6126543182800634,0.0,-19.0,0.0,0.0,42,knn_minus_proxy
kd_0ca1c6458189bda41a449a35,0.0,0.0,0.0,0.0,0.0,42,knn_minus_proxy
kd_a7fb6c1706458e8f940da1e5,-0.14382433691330754,0.0,-13.0,0.0,0.0,42,knn_minus_proxy
kd_6cd107ed88624782e14cae33,0.6808307896740338,0.0,-78.0,0.0,1.0,42,knn_minus_proxy
kd_83e0ec80c8009430665ba033,0.2166704296356321,0.0,-54.0,0.0,0.0,42,knn_minus_proxy
kd_ee2ba887d02289aba9ac61d6,-0.14942788250733252,0.0,48.0,0.0,0.0,42,knn_minus_proxy
kd_8b796391a1ee138498db497e,0.0,0.0,0.0,0.0,0.0,42,knn_minus_proxy
kd_3e98ce3602bbbafd06d07174,0.12141015453720769,0.0,17.0,0.0,0.0,42,knn_minus_proxy
kd_ce4e9001e66a9885106723a4,0.2830082376315632,0.0,-49.0,0.0,0.0,42,knn_minus_proxy
kd_0107d7e0c363b34b7179e6b7,0.17184206488343257,0.0,43.0,0.0,0.0,42,knn_minus_proxy
kd_8dfaf3ececbbbaad2867f07f,0.2166704296356322,0.0,63.0,0.0,0.0,42,knn_minus_proxy
kd_bc0335880ba16b9d3a5a86e2,-0.578566082583078,0.0,81.0,-1.0,1.0,42,knn_minus_proxy
kd_7cab33e7bfcdd4dc0277a735,1.0030346613304695,0.0,-103.0,0.0,0.0,42,knn_minus_proxy
kd_5807efd3919dbbd623c3b410,-0.19799194432221556,0.0,-5.0,0.0,0.0,42,knn_minus_proxy
kd_a6a7a3662cf31f630b3e70fe,-0.08778888097305781,0.0,52.0,0.0,0.0,42,knn_minus_proxy
kd_0396dac0d83b97528eb72274,0.1083352148178161,0.0,-99.0,1.0,0.0,42,knn_minus_proxy
kd_1fda02ce136f642b26f7e54c,-0.08218533537903294,0.0,13.0,0.0,0.0,42,knn_minus_proxy
kd_e581f891227e38af7b0328b0,1.5951426457657747,0.0,-100.0,1.0,0.0,42,knn_minus_proxy
kd_82264eee82ef5c190cecbbc8,0.1372868670536117,0.0,-12.0,0.0,0.0,42,knn_minus_proxy
kd_bd64fbd0d78bf868a90bb48d,0.6939057293934252,0.0,-44.0,1.0,0.0,42,knn_minus_proxy
kd_6531d681d9930408b8f87043,0.20919903551026559,0.0,-241.0,0.0,0.0,42,knn_minus_proxy
kd_ecbb1e5a67d908096db321c8,0.4090588283638228,0.0,-110.0,1.0,0.0,42,knn_minus_proxy
kd_89c00ebdad5a11f1ddfaacf8,0.0,0.0,0.0,0.0,0.0,42,knn_minus_proxy
kd_06c7e1be566a48e13b9f1091,0.5295350586353594,0.0,0.0,0.0,0.0,42,knn_minus_proxy
kd_6f9ea1a5dcb73a04202c6b51,-0.20172764138489901,0.0,-40.0,0.0,1.0,42,knn_minus_proxy
kd_2f3f697bc5b8cdbbf312f872,0.2839129767639317,0.0,5.0,0.0,0.0,42,knn_minus_proxy
kd_3f1849c3b0a45b2a2ce5e3ac,-0.4791031482891348,0.0,12.0,0.0,0.0,42,knn_minus_proxy
kd_dbef906fa4b396823819e2b3,-0.49684770933688066,0.0,-137.0,0.0,1.0,42,knn_minus_proxy
kd_8ecfa993673525e19c5b7610,0.2997896892803359,0.0,-15.0,0.0,0.0,42,knn_minus_proxy
kd_40697a5226c30c4d016e8fdb,0.13261724572525768,0.0,-68.0,0.0,0.0,42,knn_minus_proxy
kd_5de1f8173b117c560f13de2e,0.05229975887756633,0.0,16.0,0.0,0.0,42,knn_minus_proxy
kd_d271bd6572d5edfd93e34f4a,0.5519492410114594,0.0,0.0,0.0,0.0,42,knn_minus_proxy
kd_07eabc02dd7b67f836daf48d,-0.4473497232563267,0.0,80.0,0.0,0.0,42,knn_minus_proxy
kd_fcc7a96f19ea8c3f601dde96,0.014942788250733252,0.0,-24.0,0.0,0.0,42,knn_minus_proxy
kd_bf15440e9f8b5ba6ea16e7e8,-0.10459951775513265,0.0,-57.0,1.0,0.0,42,knn_minus_proxy
kd_6b5809724e52657461669247,-0.17184206488343234,0.0,18.0,0.0,0.0,42,knn_minus_proxy
kd_46468a1c238400968442298d,0.0018678485313416981,0.0,19.0,0.0,0.0,42,knn_minus_proxy
kd_1230bdae7ad25e2e5d6efe65,0.0,0.0,0.0,0.0,0.0,42,knn_minus_proxy
kd_e3526159733061188292192b,1.2225068637631142,0.0,-42.0,0.0,1.0,42,knn_minus_proxy
kd_545d977bdfd15a7de63decef,-0.717253836035196,1.0,-52.0,0.0,0.0,42,knn_minus_proxy
kd_c17dfaacf8d4ad13a846c194,-0.7065137069799816,0.0,69.0,0.0,0.0,42,knn_minus_proxy
kd_4fb5037d0517b5f2e49d7cb8,0.018678485313416482,0.0,69.0,-1.0,0.0,42,knn_minus_proxy
kd_1d79d6ebeee966e822594975,0.0,0.0,0.0,0.0,0.0,42,knn_minus_proxy
kd_f365608e3456db106d18c6d2,-0.2672190805150657,0.0,-63.0,1.0,0.0,42,knn_minus_proxy
kd_bc6f8eb78e05a8d59745ffed,0.31006285620271495,0.0,33.0,0.0,0.0,42,knn_minus_proxy
kd_44fd7701e3dfd5f4bc6f6ecc,0.0,0.0,0.0,0.0,0.0,42,knn_minus_proxy
kd_25b2a0f557fab05ce8cbea0b,-0.14942788250733258,0.0,-62.0,0.0,0.0,42,knn_minus_proxy
kd_1240f69190ec158049575b49,0.0,0.0,0.0,0.0,0.0,42,knn_minus_proxy
kd_ddb4c8b0260ad31176f76b90,-0.44081225339663077,0.0,-7.0,0.0,0.0,42,knn_minus_proxy
kd_517ecbd776daeba4ab9666b7,0.7434037154739792,0.0,83.0,0.0,0.0,42,knn_minus_proxy
kd_f4e0e749659102bf369dba8b,0.516460118915968,0.0,0.0,0.0,0.0,42,knn_minus_proxy
kd_bfd35d6d571cbdefe4c41963,0.022414182376099934,0.0,0.0,0.0,0.0,42,knn_minus_proxy
kd_2ce88da4db9c6445cbc5bf85,0.3978517371757729,0.0,0.0,0.0,0.0,42,knn_minus_proxy
kd_aacff545b47c1a6a4f23548f,0.0,0.0,0.0,0.0,0.0,42,knn_minus_proxy
kd_ba66b49705100b5412c90e8d,-0.48564061814883064,0.0,-29.0,0.0,0.0,42,knn_minus_proxy
kd_8ab4bedf148d4b59bc45f2f4,0.0,0.0,0.0,0.0,0.0,42,knn_minus_proxy
kd_3cf88783ee0c3c77f5331652,-0.43334085927126453,0.0,-83.0,0.0,0.0,42,knn_minus_proxy
kd_e536977c48f88fcd4b180512,-0.3614286908146106,-1.0,-244.0,1.0,0.0,42,knn_minus_proxy
kd_0b6d866948b5e966b829cc29,0.0485640618148831,0.0,-48.0,0.0,0.0,42,knn_minus_proxy
kd_8c24202a727e579098b94c6d,0.6378702734531757,0.0,-162.0,1.0,0.0,42,knn_minus_proxy
kd_d10962711da64ffb5ae80f66,0.424001616614556,0.0,0.0,0.0,0.0,42,knn_minus_proxy
kd_7927560a296d36cd72316624,-0.19589061472445612,0.0,-17.0,0.0,0.0,42,knn_minus_proxy
kd_fae6107b53bd4fc360aeaa45,0.16437067075806588,0.0,-24.0,0.0,0.0,42,knn_minus_proxy
kd_52c4a05ba2d3b47277faf01b,1.6437067075806575,0.0,27.0,0.0,1.0,42,knn_minus_proxy
kd_e6390b34135c1cd7a39132fa,0.0,0.0,0.0,0.0,0.0,42,knn_minus_proxy
kd_49a7e0e3ff55d485dbd43b8f,-0.240718979476656,0.0,0.0,0.0,0.0,42,knn_minus_proxy
kd_65e7c7fa432ee1ed075aaabb,0.05977115300293301,0.0,0.0,0.0,0.0,42,knn_minus_proxy
kd_8c385ebac898db63722bac13,0.3889794566518999,0.0,-10.0,1.0,0.0,42,knn_minus_proxy
kd_0ab33e2772ade36ef9f5a293,-0.7770249890381291,1.0,0.0,0.0,0.0,42,knn_minus_proxy
kd_33c7d51a7e7fe447906a5bbd,-0.5435439226204222,1.0,33.0,0.0,0.0,42,knn_minus_proxy
kd_eb7d02d556f01f10d42c3463,-0.10646736628647441,0.0,-37.0,0.0,0.0,42,knn_minus_proxy
kd_6984c83fe2fbd80be2ef8b4f,0.07191216845665371,0.0,-106.0,0.0,0.0,42,knn_minus_proxy
kd_ecd82effaa32c8d3fd8b982d,-0.04482836475219987,0.0,-17.0,0.0,0.0,42,knn_minus_proxy
kd_1406f9ed81e9ba179d19d833,-0.3100628562027148,0.0,-28.0,0.0,0.0,42,knn_minus_proxy
kd_6a0dd6edde402f516e5c3f79,0.0373569706268333,0.0,-81.0,0.0,0.0,42,knn_minus_proxy
kd_58e03570c88e5ac1bf94dd8f,0.15876712516404085,0.0,-23.0,0.0,0.0,42,knn_minus_proxy
kd_f63025844d48a3321377498c,-0.5939758329666468,0.0,6.0,0.0,0.0,42,knn_minus_proxy
kd_155ed9ef353c0ee7a08036e1,-0.0448283647521997,0.0,-64.0,0.0,0.0,42,knn_minus_proxy
kd_28ccf6c2f3fc4f718ba4f90c,0.9918275701424195,0.0,-37.0,0.0,0.0,42,knn_minus_proxy
kd_a0ade6d7986938d4c3cbb9d6,-0.08592103244171612,0.0,-139.0,1.0,0.0,42,knn_minus_proxy
kd_62475db489ba4ee3597c281f,-0.10086382069244948,0.0,-36.0,0.0,0.0,42,knn_minus_proxy
kd_b99062524313c56b2906eb27,0.2204061266983155,0.0,-43.0,0.0,0.0,42,knn_minus_proxy
kd_d501a62c914eb78bd2b274d4,0.29512006795198165,0.0,0.0,0.0,0.0,42,knn_minus_proxy
kd_3a7f5dd3fc8051bd0c93b71a,0.011207091188049856,0.0,20.0,0.0,0.0,42,knn_minus_proxy
kd_38ff25c3ed3bd32656894946,-0.20172764138489896,0.0,-118.0,0.0,0.0,42,knn_minus_proxy
kd_fb992816d6728b68cbacf8e5,0.15316357957001578,0.0,-8.0,0.0,0.0,42,knn_minus_proxy
kd_57158d52462fba194f9e7804,-0.16437067075806566,0.0,0.0,0.0,0.0,42,knn_minus_proxy
kd_fe67321abf933a46af2a4731,-0.1270137001312327,0.0,-19.0,0.0,0.0,42,knn_minus_proxy
kd_9d8bc6ce23d674106d635fb3,-0.8349282935097203,0.0,52.0,0.0,0.0,42,knn_minus_proxy
kd_91aed97c8a1adc0773c93e33,-0.15129573103867427,0.0,-36.0,1.0,0.0,42,knn_minus_proxy
kd_1ff731959a1f8ce9514704d5,-0.23161321788636546,0.0,0.0,0.0,0.0,42,knn_minus_proxy
kd_1ea51e50d142a5ca0ba6c72a,0.0,0.0,0.0,0.0,0.0,42,knn_minus_proxy
kd_709bbdb38dd392f9450c4a85,0.2249590074934606,0.0,-62.0,0.0,0.0,42,knn_minus_proxy
kd_caf4373e6c9764852fd5cecc,0.08965672950439951,0.0,-1.0,0.0,0.0,42,knn_minus_proxy
kd_62b0bbd193d4ac3d9fb402df,-0.26897018851319854,0.0,0.0,0.0,0.0,42,knn_minus_proxy
kd_4763ae933051f649c7787e07,0.0,0.0,0.0,0.0,0.0,42,knn_minus_proxy
kd_4143f7934d8081b4b40d7876,-0.4109266768951644,0.0,-25.0,0.0,0.0,42,knn_minus_proxy
kd_6971c8a7d93ca6c0fb87327c,-0.26149879438783175,0.0,123.0,-1.0,0.0,42,knn_minus_proxy
kd_201f90802d2394c5aa7815ed,1.5951426457657747,0.0,-240.0,0.0,1.0,42,knn_minus_proxy
kd_24ccb3fcf8e2d0d665c3484d,0.0539341263424903,0.0,-243.0,1.0,0.0,42,knn_minus_proxy
kd_1b9a4d75c053a822348c97b5,-0.013074939719391498,0.0,-36.0,0.0,0.0,42,knn_minus_proxy
kd_5dddbafd3cdef4834e92f57a,0.48564061814883064,0.0,2.0,0.0,0.0,42,knn_minus_proxy
kd_8475db7047f02a3b5bfd79f4,0.04482836475219987,0.0,-124.0,0.0,0.0,42,knn_minus_proxy
kd_f297ea2ae829946d73e03751,0.5311694261002835,0.0,0.0,0.0,0.0,42,knn_minus_proxy
kd_1f2adf27a567024a0fad633c,-0.44828364752199756,0.0,-28.0,0.0,1.0,42,knn_minus_proxy
kd_5bb61e7e3ec5f3e5b4d72be0,-0.14767677450919972,0.0,-12.0,0.0,0.0,42,knn_minus_proxy
kd_8d34261c233b4482bd3a9f10,0.20919903551026564,0.0,0.0,0.0,0.0,42,knn_minus_proxy
kd_db630f9fac261aae2da35b05,-0.014942788250733363,-1.0,0.0,0.0,0.0,42,knn_minus_proxy
kd_c76edaaf58c95ed625250242,0.07471394125366626,0.0,-48.0,1.0,0.0,42,knn_minus_proxy
kd_8b0e8de90b798303dcafdfaa,0.38477679745638116,0.0,0.0,0.0,0.0,42,knn_minus_proxy
kd_e5a3f5e98071bffa6e3bd18e,-0.537940377026397,0.0,25.0,0.0,0.0,42,knn_minus_proxy
kd_52a963b6298f99e5bc971159,0.6327336899919861,0.0,-170.0,0.0,0.0,42,knn_minus_proxy
kd_1b76167e70ae814132a60b33,0.0,0.0,0.0,0.0,0.0,42,knn_minus_proxy
kd_6003a3f093f328c732ee04db,-1.427503240077861,0.0,77.0,0.0,-1.0,42,knn_minus_proxy
kd_c9d78cd8af2c57e8e322f606,-0.02241418237609971,0.0,0.0,0.0,0.0,42,knn_minus_proxy
kd_d733c318fd9b7f90ea826c47,0.0,0.0,0.0,0.0,0.0,42,knn_minus_proxy
kd_c23ae3c0389744b8cc8128dc,0.07844963831634955,0.0,-65.0,0.0,0.0,42,knn_minus_proxy
kd_3abc038ff690aefa71fa1d0c,-1.21783724243476,0.0,-91.0,0.0,0.0,42,knn_minus_proxy
kd_2adc04ac3b6879ac4ed8c920,-0.1270137001312326,0.0,9.0,0.0,0.0,42,knn_minus_proxy
kd_8c9bec58f7026f319aa477b0,-0.5528831652771304,0.0,-19.0,0.0,0.0,42,knn_minus_proxy
kd_50e81536ba16b1febbc52881,0.0373569706268331,0.0,-11.0,0.0,0.0,42,knn_minus_proxy
kd_5cd61749928b2a949a904b2b,0.41921525475299287,0.0,0.0,0.0,0.0,43,knn_minus_proxy
kd_b6ac530b94d265ef1c3723e4,-0.6201257124054299,0.0,-56.0,0.0,0.0,43,knn_minus_proxy
kd_7695c04e2f4aa27f34f0cfbd,0.048564061814882986,0.0,-103.0,0.0,0.0,43,knn_minus_proxy
kd_43c10c5c575cfcf3ad4c3f30,0.1867848531341656,0.0,0.0,0.0,0.0,43,knn_minus_proxy
kd_219d26da3deb62df0b005308,-0.543543922620422,0.0,31.0,0.0,0.0,43,knn_minus_proxy
kd_9cfbac2012d7295b357b1d03,0.0,0.0,0.0,0.0,0.0,43,knn_minus_proxy
kd_7573ba899293d7e36aef3786,-0.029885576501466504,0.0,-13.0,0.0,0.0,43,knn_minus_proxy
kd_d15ed33a910802adacc3fd24,-0.38512701905600766,0.0,-12.0,0.0,0.0,43,knn_minus_proxy
kd_5e298ada43fdbcc88b5a60c1,-0.4333408592712642,0.0,-48.0,0.0,0.0,43,knn_minus_proxy
kd_2a46a75e1c18196fe730e2e7,0.0380574138260862,0.0,-8.0,0.0,0.0,43,knn_minus_proxy
kd_e177f6055163fbfd4e20ac03,0.3175342503280819,0.0,-49.0,0.0,0.0,43,knn_minus_proxy
kd_1287f4d13e1295c95caccdee,2.1218759316041216,0.0,-243.0,1.0,1.0,43,knn_minus_proxy
kd_6b8ac712eda8bbbac2f7903a,-0.35208944815790233,0.0,-7.0,0.0,0.0,43,knn_minus_proxy
kd_1d6af05820a9efb4f12963e8,0.8806905825275909,0.0,-59.0,0.0,0.0,43,knn_minus_proxy
kd_13efffb08aa3d0e439742776,-0.4473497232563267,0.0,-28.0,0.0,0.0,43,knn_minus_proxy
kd_50c0d02613c6ca3ba4fe4df1,0.0423184432882094,0.0,19.0,0.0,0.0,43,knn_minus_proxy
kd_25de202b286f85e95bad9ffc,0.3735697062683314,0.0,2.0,0.0,0.0,43,knn_minus_proxy
kd_0f7a3f96892e9379826b6755,0.38851249451906444,0.0,0.0,0.0,0.0,43,knn_minus_proxy
kd_f15db617dcc4c8762ed2d589,-0.5921079844353052,0.0,-128.0,0.0,0.0,43,knn_minus_proxy
kd_b110ddb367a0f8167a7dfa9c,-0.0756478655193371,0.0,11.0,0.0,0.0,43,knn_minus_proxy
kd_86697c70ae5e12f0c5b6aed4,-0.23161321788636524,0.0,0.0,0.0,0.0,43,knn_minus_proxy
kd_add43391da210c3e1b157227,-0.08778888097305781,0.0,0.0,0.0,0.0,43,knn_minus_proxy
kd_d1d640853132fc17ba37f815,-0.29325221942064006,0.0,0.0,0.0,0.0,43,knn_minus_proxy
kd_d26a1ccfdc5e29d184db77fe,-0.287648673826615,0.0,-38.0,0.0,1.0,43,knn_minus_proxy
kd_4a0b566c572101857260ba19,0.024282030907441604,0.0,-172.0,1.0,0.0,43,knn_minus_proxy
kd_192c5b80f8ba0cf00211b58c,-0.173709913414774,0.0,-88.0,0.0,0.0,43,knn_minus_proxy
kd_3c7df3bbc64e416eacdc3b97,-0.018678485313416537,0.0,6.0,0.0,0.0,43,knn_minus_proxy
kd_67177a1d4a66e393ebb0d10f,-0.321269947390765,0.0,-102.0,0.0,0.0,43,knn_minus_proxy
kd_03c8532d2fbb46edd80cb55a,-0.1252334069997975,0.0,-24.0,0.0,0.0,43,knn_minus_proxy
kd_c8255a1f881250bea9d24744,0.4085918662309873,0.0,-74.0,0.0,0.0,43,knn_minus_proxy
kd_82097ed0fcacd74298cc8d2d,-0.5524162031442947,0.0,-59.0,0.0,0.0,43,knn_minus_proxy
kd_0ecf6a0f2aa0bb19d4b754ab,-0.7583465037247126,0.0,0.0,0.0,0.0,43,knn_minus_proxy
kd_ea0da14e287368179aecbe7d,0.044828364752199756,0.0,0.0,0.0,0.0,43,knn_minus_proxy
kd_1630d917a79188d8c5435cce,0.0,0.0,0.0,0.0,0.0,43,knn_minus_proxy
kd_b4ca5c72954c93f5fa907cf7,0.6275971065307966,0.0,0.0,0.0,0.0,43,knn_minus_proxy
kd_b6e759e6f1d1cfa4f3866a0a,0.0022180701309682006,0.0,-1.0,0.0,0.0,43,knn_minus_proxy
kd_09a3e23137f3c535fd5ce71c,-0.5752973476532299,0.0,-26.0,0.0,0.0,43,knn_minus_proxy
kd_e12416d3adebadb26b22db83,-0.2185382781669738,0.0,-69.0,0.0,0.0,43,knn_minus_proxy
kd_79142af4a61394f005aed390,0.21293473257294887,0.0,-52.0,0.0,0.0,43,knn_minus_proxy
kd_8595082b4be2adbf36df2397,0.06724254712829958,0.0,-33.0,1.0,0.0,43,knn_minus_proxy
kd_7b7ad7282c5dbdfd501944a2,0.0,0.0,0.0,0.0,0.0,43,knn_minus_proxy
kd_2bb218d77d9786a30617fce9,-0.0695773577924767,0.0,0.0,0.0,0.0,43,knn_minus_proxy
kd_86d096064ddcc9bcd47b348c,-0.2839129767639317,0.0,0.0,0.0,0.0,43,knn_minus_proxy
kd_f50a0d1e71d129f5c4f8dcba,0.0,0.0,0.0,0.0,0.0,43,knn_minus_proxy
kd_0aceef94927d94d499ba1117,-0.33271051964523246,0.0,-10.0,0.0,0.0,43,knn_minus_proxy
kd_fc7db40650f051e1a7b3b25c,0.6467425539770485,0.0,25.0,0.0,0.0,43,knn_minus_proxy
kd_4259334244c0e7a98a7a4467,-0.8778888097305787,0.0,-94.0,0.0,0.0,43,knn_minus_proxy
kd_ab05f25840a0bdcb28d8c4b6,-0.23161321788636557,1.0,-42.0,1.0,0.0,43,knn_minus_proxy
kd_2a0da9d2f1b7527e78849cd8,0.5846365903099384,0.0,-244.0,1.0,1.0,43,knn_minus_proxy
kd_289e471b468be0dd1cfc130b,-0.2974548786161587,0.0,-25.0,0.0,0.0,43,knn_minus_proxy
kd_6fbe8e49e73593b8e40b2985,-0.0635068500656163,0.0,-4.0,0.0,0.0,43,knn_minus_proxy
kd_ed869b316e0b90de53aa8a6a,-0.06724254712829958,0.0,-4.0,0.0,0.0,43,knn_minus_proxy
kd_64c8f1ef4af48e288af57579,-0.3063271591400315,0.0,0.0,0.0,0.0,43,knn_minus_proxy
kd_752ab4534ea407f3576791de,-0.6761611683456796,0.0,0.0,0.0,0.0,43,knn_minus_proxy
kd_eaa0a2b11f10c99e19680e57,0.6761611683456796,1.0,-53.0,0.0,0.0,43,knn_minus_proxy
kd_67adcc095cd9aa4d7b363e72,0.011207091188049967,-1.0,14.0,0.0,0.0,43,knn_minus_proxy
kd_aba477edf0e6dbe37affdf05,-0.6878352216665651,0.0,35.0,-1.0,0.0,43,knn_minus_proxy
kd_26e668bec024526b0d237184,0.0,0.0,0.0,0.0,0.0,43,knn_minus_proxy
kd_8f3a7c444b919fefb1ad42f5,0.0635068500656163,0.0,0.0,0.0,0.0,43,knn_minus_proxy
kd_42cedabbc8044ad805908ff6,0.11207091188049945,0.0,-24.0,0.0,0.0,43,knn_minus_proxy
kd_9fbd59ca280e2f7c4c3a6796,0.0,0.0,0.0,0.0,0.0,43,knn_minus_proxy
kd_cf3a39f7a30b2ea12c3e3ba4,0.4029883206369623,0.0,-35.0,0.0,0.0,43,knn_minus_proxy
kd_e995a0867d374d01a5be11fd,-0.5229975887756637,0.0,-32.0,0.0,0.0,43,knn_minus_proxy
kd_8e8e9162242a8bab5b026832,0.4697639056324266,0.0,-78.0,0.0,0.0,43,knn_minus_proxy
kd_7fcdb2e651cb227d61f7128f,0.0,0.0,0.0,0.0,0.0,43,knn_minus_proxy
kd_4625d016594b13610eaf3274,-1.2229738258959495,0.0,-54.0,0.0,1.0,43,knn_minus_proxy
kd_2d70579b7cf34ab8b881b000,0.35862691801759794,0.0,-23.0,0.0,0.0,43,knn_minus_proxy
kd_4cf2ef59848e28715b0a597c,0.5566188623398136,0.0,-8.0,1.0,0.0,43,knn_minus_proxy
kd_f857f68af9fbc270c5008dae,0.39038034305040614,0.0,14.0,0.0,0.0,43,knn_minus_proxy
kd_e68b62838507b9b07e05da8d,0.3660983121429646,0.0,-21.0,0.0,0.0,43,knn_minus_proxy
kd_d823dc74da5e744a9c5211c1,0.1382207913192825,0.0,1.0,0.0,0.0,43,knn_minus_proxy
kd_e1433b2d913ab922c068ae75,-0.0037356970626833963,0.0,-16.0,0.0,0.0,43,knn_minus_proxy
kd_6a87f8b62aaa939421669490,-0.05603545594024972,0.0,-16.0,0.0,0.0,43,knn_minus_proxy
kd_9c0f35b5ee363766658fa9fe,-0.3016575378116775,0.0,0.0,0.0,0.0,43,knn_minus_proxy
kd_f5909a5db98cbcff855a9f3e,0.7172538360351961,0.0,-17.0,0.0,0.0,43,knn_minus_proxy
kd_1a269e8a183e99f05159d878,0.13261724572525763,0.0,25.0,0.0,0.0,43,knn_minus_proxy
kd_051c247edfdb5485f2c1ab04,0.0,0.0,0.0,0.0,0.0,43,knn_minus_proxy
kd_85c2fafd20b581654035d0f1,0.0,0.0,0.0,0.0,0.0,43,knn_minus_proxy
kd_7a000af99dd910c536d74f8f,-0.17931345900879903,0.0,-163.0,1.0,0.0,43,knn_minus_proxy
kd_83172de6d67da8a1fa3e7927,-0.028017727970124806,0.0,-16.0,0.0,0.0,43,knn_minus_proxy
kd_367e035e5c26e544a66bb970,1.2570620615929347,0.0,-190.0,1.0,1.0,43,knn_minus_proxy
kd_95e2d25d4657888961b58b46,0.3474198268295481,0.0,-25.0,0.0,0.0,43,knn_minus_proxy
kd_763925f81f998cbd44083bd0,0.2801772797012485,0.0,-31.0,0.0,-1.0,43,knn_minus_proxy
kd_badba8e96cf959cefcaf1f1e,1.4270362779450254,0.0,-241.0,1.0,1.0,43,knn_minus_proxy
kd_1e83dcea3dec4ec644646014,0.0,0.0,0.0,0.0,0.0,43,knn_minus_proxy
kd_6186761abcaaedbf9bb574f1,0.5080548005249306,0.0,-127.0,0.0,0.0,43,knn_minus_proxy
kd_2488e674ed614fbed37f6015,0.1818817507393938,0.0,-49.0,0.0,0.0,43,knn_minus_proxy
kd_6544e5e4d9f5d0ed92b2020c,-0.874153112667895,0.0,-149.0,1.0,0.0,43,knn_minus_proxy
kd_29eeb12d74e5ef3f01667ceb,0.2465560061370986,0.0,-21.0,0.0,0.0,43,knn_minus_proxy
kd_f559118ba8bef09810af916e,-0.15689927663269887,0.0,0.0,0.0,0.0,43,knn_minus_proxy
kd_14a51154c0b60f1506c64150,-0.5043191034622471,0.0,10.0,0.0,0.0,43,knn_minus_proxy
kd_ebd5112eb8df2c99d6daca41,-0.054634569541743505,0.0,-88.0,0.0,0.0,43,knn_minus_proxy
kd_c12d4113db3ed7ef546595d8,-0.3875785702533936,0.0,-66.0,0.0,-1.0,43,knn_minus_proxy
kd_42f66aa9b511a4450e6db56d,-0.321269947390765,0.0,-42.0,0.0,0.0,43,knn_minus_proxy
kd_a71863453c9b8aebebf9abf6,0.0,0.0,0.0,0.0,0.0,43,knn_minus_proxy
kd_0c8a28ad95050087db9ccbd7,0.0037356970626833963,0.0,0.0,0.0,0.0,43,knn_minus_proxy
kd_9bf706330f1dbb43cb189bcf,-0.6500112889068965,0.0,-187.0,1.0,0.0,43,knn_minus_proxy
kd_ffd971ab3dc06e3ac3df4d6a,0.2839129767639318,0.0,-17.0,0.0,0.0,43,knn_minus_proxy
kd_1ca76deb0e06433a778b7e84,1.2103658483093933,0.0,-144.0,0.0,1.0,43,knn_minus_proxy
kd_aa055010781c1e019ef3d80a,-0.5752973476532303,0.0,-93.0,1.0,0.0,43,knn_minus_proxy
kd_84822e7c0fb605ca1ffa73c7,-0.3025914620773483,0.0,2.0,0.0,0.0,43,knn_minus_proxy
kd_6fc8b1070b637d9af5702a73,0.3959838886444311,0.0,-31.0,0.0,0.0,43,knn_minus_proxy
kd_fb946893662533a221acd495,0.30259146207734827,0.0,-14.0,0.0,0.0,43,knn_minus_proxy
kd_0c1fcda6e46b9f5d6097ee6a,0.5790330447159135,0.0,58.0,0.0,0.0,43,knn_minus_proxy
kd_20acd2db15e21078427bf826,0.0,0.0,0.0,0.0,0.0,43,knn_minus_proxy
kd_24f6ff0687bf1363d989a142,0.23908461201173192,0.0,-199.0,1.0,1.0,43,knn_minus_proxy
kd_e4381a69329bd6264953a1da,-0.8073775276724309,0.0,166.0,-1.0,0.0,43,knn_minus_proxy
kd_0fa072b020347c84d0f9f9e0,-0.2689701885131986,0.0,-53.0,0.0,0.0,43,knn_minus_proxy
kd_a7fe3db4d8084a3554050976,-0.184917004602824,-1.0,-67.0,0.0,0.0,43,knn_minus_proxy
kd_226475783237b2de05959e8a,-0.3978517371757728,0.0,-11.0,0.0,0.0,43,knn_minus_proxy
kd_82f951245b1dda7314a68294,-0.3614286908146106,0.0,-114.0,0.0,0.0,43,knn_minus_proxy
kd_748ec285b3988b22a6fd8374,-0.2241418237609989,0.0,0.0,0.0,0.0,43,knn_minus_proxy
kd_78df0e4099ba4e84c9b38c3a,0.0,0.0,0.0,0.0,0.0,43,knn_minus_proxy
kd_802ac4885cac8723e268820d,-0.10184152265807361,0.0,41.0,0.0,0.0,43,knn_minus_proxy
kd_a7fd594adb76fe9a5852764f,0.23628283921471951,0.0,-51.0,1.0,0.0,43,knn_minus_proxy
kd_b122bfb7fe8ede08e8bb415d,0.22414182376099878,0.0,0.0,0.0,0.0,43,knn_minus_proxy
kd_2bcd91836cecc2ec105b5a7a,0.0747139412536662,0.0,33.0,0.0,0.0,43,knn_minus_proxy
kd_325988d77939660a8e9793eb,0.0,0.0,0.0,0.0,0.0,43,knn_minus_proxy
kd_15b91891c359cc93c4d5dc07,0.6238614094681132,0.0,6.0,0.0,0.0,43,knn_minus_proxy
kd_e7deeb908b4c9779cc1f250e,-0.29792184074899425,0.0,9.0,0.0,0.0,43,knn_minus_proxy
kd_2ec551d0ea262c092b9b06e8,-0.3385475463056752,0.0,18.0,-1.0,0.0,43,knn_minus_proxy
kd_b6d470cdf01032207a171faa,-1.1375197555870686,0.0,-59.0,0.0,0.0,43,knn_minus_proxy
kd_e9b30d3fb2b21648b8f15b1f,-0.9096422347633867,0.0,-30.0,0.0,0.0,43,knn_minus_proxy
kd_a6f5907b87ebeed9667a8ef7,-0.6388041977188464,0.0,-56.0,0.0,0.0,43,knn_minus_proxy
kd_7c35bcee3a72947238d26ec9,0.3436841297668649,0.0,-50.0,0.0,0.0,43,knn_minus_proxy
kd_9663dc0445544f3d9b6421f6,0.1699742163520907,0.0,-9.0,0.0,0.0,43,knn_minus_proxy
kd_a9452342ddea3892ab46345c,-0.19425624725953228,0.0,0.0,0.0,0.0,43,knn_minus_proxy
kd_3017401732c33f9490fb79bd,0.14756003397599082,0.0,1.0,0.0,0.0,43,knn_minus_proxy
kd_1a2a8f2ad67f8bdc6147bf3a,-0.1550314281013575,0.0,37.0,0.0,0.0,43,knn_minus_proxy
kd_40ac11f63f31a7501a637338,-0.1965910579237093,0.0,-11.0,0.0,1.0,43,knn_minus_proxy
kd_75d8ff20f11e75b72e068de6,0.04856406181488315,0.0,75.0,-1.0,0.0,43,knn_minus_proxy
kd_b3da0a72d89e29d87b1acf56,0.0,0.0,0.0,0.0,0.0,43,knn_minus_proxy
kd_c27de7b13324d1108ef1172e,-0.7352136374410456,0.0,141.0,0.0,0.0,43,knn_minus_proxy
kd_199ec2bc091a07547aa118c2,-0.1568992766326992,0.0,-26.0,1.0,0.0,43,knn_minus_proxy
kd_17e7c1f63b2ca1bf0ebaeb84,-0.2017276413848989,1.0,173.0,-1.0,0.0,43,knn_minus_proxy
kd_a955023c928fb3bc77dead05,0.2764415826385651,0.0,-243.0,1.0,1.0,43,knn_minus_proxy
kd_1ab792535d936d204130a63d,0.0,0.0,0.0,0.0,0.0,43,knn_minus_proxy
kd_b87df26623a45147b4911f14,0.48190492108614746,0.0,10.0,0.0,0.0,43,knn_minus_proxy
kd_fe5993bcd7ba344b5a136aa3,-0.4464157989906559,0.0,-41.0,0.0,0.0,43,knn_minus_proxy
kd_afb3ba49f097d119e49e3fe0,0.1225775598692961,0.0,17.0,0.0,0.0,43,knn_minus_proxy
kd_42e0de0b60f99f460f80671c,0.16810636782074906,0.0,-12.0,0.0,0.0,43,knn_minus_proxy
kd_8df7cc2db49186bba9541c22,0.6294649550621383,0.0,0.0,0.0,0.0,43,knn_minus_proxy
kd_31a829970bb4c83c7ab4548f,-0.8872280523872869,0.0,-9.0,1.0,0.0,43,knn_minus_proxy
kd_55e56447b486ce90456fd651,0.05977115300293323,0.0,0.0,0.0,0.0,43,knn_minus_proxy
kd_4da3a59766f0961bed8e8004,0.07097824419098292,0.0,-24.0,0.0,0.0,43,knn_minus_proxy
kd_2276dce93dc09df494cd3665,1.3427787981015358,0.0,-129.0,0.0,0.0,43,knn_minus_proxy
kd_dd50ae44f1aec029b28e45df,-0.01307493971939161,0.0,70.0,0.0,0.0,43,knn_minus_proxy
kd_87fd2187baacc3ac73021e73,0.5426099983547511,0.0,-10.0,0.0,0.0,43,knn_minus_proxy
kd_d254ecd9d2c44b185bfdb665,-0.15876712516404085,0.0,-37.0,0.0,1.0,43,knn_minus_proxy
kd_bc78fa42c32027c76c4cb54b,0.3063271591400317,0.0,-24.0,1.0,0.0,43,knn_minus_proxy
kd_96899161374a07ffc3eaa0cf,0.593041908700976,0.0,-98.0,0.0,0.0,43,knn_minus_proxy
kd_7f6a192fa9ba5ffb2c0ab1fc,-0.19238839872819058,0.0,-8.0,0.0,0.0,43,knn_minus_proxy
kd_67d59adb743926615c9faf5f,0.0,0.0,-28.0,1.0,0.0,43,knn_minus_proxy
kd_ac40c9b5469a30d72147b730,-0.1642539302248569,0.0,-207.0,1.0,0.0,43,knn_minus_proxy
kd_3d789b2f78ffc7376d7de661,0.021480258110428974,0.0,0.0,0.0,0.0,43,knn_minus_proxy
kd_7e56fe7174e265e41bf4afec,-0.44454795045931395,0.0,75.0,0.0,0.0,43,knn_minus_proxy
kd_da0c97d36ca33f19eb8c13b1,-0.330725930580682,0.0,-4.0,0.0,0.0,43,knn_minus_proxy
kd_f0edfff8855a782029537abd,0.8498710817604538,0.0,-159.0,0.0,0.0,43,knn_minus_proxy
kd_52c8620ec9294e9d8434e1ec,0.2105999219087718,0.0,-70.0,0.0,1.0,43,knn_minus_proxy
kd_2e2e27ac59ab82a2511b735f,0.23021233148785908,0.0,0.0,0.0,0.0,43,knn_minus_proxy
kd_d462b092f427cd31cae5cb8d,0.0,0.0,0.0,0.0,0.0,43,knn_minus_proxy
kd_b91bbc7f3a1ede90552d52d8,-0.22600967229234037,0.0,-9.0,0.0,0.0,43,knn_minus_proxy
kd_3a3b2fddc100b32b2226ad90,0.0,0.0,0.0,0.0,0.0,43,knn_minus_proxy
kd_c6ebcc27be318fae935a6101,-0.14195648838196573,0.0,0.0,0.0,0.0,43,knn_minus_proxy
kd_0b63333a947642c7b1301f73,-0.08218533537903294,0.0,0.0,0.0,0.0,43,knn_minus_proxy
kd_9ca9660c7b872f998d43ce37,-0.24468815760575702,0.0,-23.0,0.0,1.0,43,knn_minus_proxy
kd_2be4d3c2fd5884a54727d97f,0.022414182376099878,0.0,-28.0,0.0,0.0,43,knn_minus_proxy
kd_5384f336b14f189793b90848,0.0,0.0,0.0,0.0,0.0,43,knn_minus_proxy
kd_14dbade9267804825ba62e2f,0.3728692630690781,0.0,-16.0,0.0,0.0,43,knn_minus_proxy
kd_006d737db8deef4192483b68,0.37076793347131887,0.0,23.0,0.0,0.0,43,knn_minus_proxy
kd_ce48f78d0523145c4b29299a,0.8405318391037453,0.0,26.0,0.0,0.0,43,knn_minus_proxy
kd_3f9f6c6a9ad4892e1410f832,0.3959838886444311,0.0,-10.0,0.0,0.0,43,knn_minus_proxy
kd_3aa3a6c789c08ba74724e49e,-0.6761611683456796,0.0,10.0,0.0,1.0,43,knn_minus_proxy
kd_51d7fdc7febe6070c3752f93,0.2465560061370986,0.0,-32.0,0.0,0.0,43,knn_minus_proxy
kd_5a1643dcfb70ce5ea68d25f6,-0.0032687349298479024,0.0,0.0,0.0,0.0,43,knn_minus_proxy
kd_1148daf4b1c7855fd786f047,1.0002328885334568,0.0,-218.0,1.0,0.0,43,knn_minus_proxy
kd_821e8bed368743cb8949bedb,0.8928315979813117,0.0,-145.0,1.0,0.0,43,knn_minus_proxy
kd_aac1574e80ac87f8557064b8,-1.1711410291512185,0.0,-42.0,0.0,0.0,43,knn_minus_proxy
kd_5c554dbaea142c518dac12b0,0.0,0.0,0.0,0.0,0.0,43,knn_minus_proxy
kd_7366566281309e17126c41fd,0.0,0.0,0.0,0.0,0.0,43,knn_minus_proxy
kd_16fc4752242267eed1a7eb99,0.0074713941253665705,0.0,0.0,0.0,0.0,43,knn_minus_proxy
kd_85beb53ccc24e26a5bc92d7a,0.4632264357727307,0.0,-120.0,1.0,0.0,43,knn_minus_proxy
kd_43347729c3d598dac52e2dff,0.22694359655801122,0.0,-6.0,0.0,0.0,43,knn_minus_proxy
kd_5d67c0982732e57da0b176ae,0.2465560061370986,0.0,40.0,0.0,0.0,43,knn_minus_proxy
kd_cb90121acea3cc10b1cd0bdf,0.1942562472595324,0.0,0.0,0.0,0.0,43,knn_minus_proxy
kd_a6de584789832e35803199ee,-0.05229975887756638,0.0,-23.0,0.0,0.0,43,knn_minus_proxy
kd_6d6efc5947452ec5a720112a,0.6946061725926787,0.0,-17.0,1.0,0.0,43,knn_minus_proxy
kd_0d00c76afa4987a9aff899ee,0.011207091188049967,0.0,-14.0,1.0,0.0,43,knn_minus_proxy
kd_d1a4b9346fa249ef85f6e378,0.49871555786822225,0.0,-35.0,0.0,1.0,43,knn_minus_proxy
kd_fdad39478f675422aa848a1c,0.18678485313416573,0.0,0.0,0.0,0.0,43,knn_minus_proxy
kd_05af3763f3fc7048c7fd3bd8,-0.005603545594024928,0.0,-38.0,0.0,0.0,43,knn_minus_proxy
kd_fc97ff55f1b6b027235c854e,0.9526027509842449,0.0,-139.0,1.0,0.0,43,knn_minus_proxy
kd_fc7ea53f8df2775c425532b2,-0.27270588557588193,0.0,-11.0,0.0,0.0,43,knn_minus_proxy
kd_738b1cab4a2d3d3ddd4c0bc4,0.2839129767639317,0.0,-5.0,0.0,0.0,43,knn_minus_proxy
kd_8646975820c0f4c20f5b4496,0.014942788250733363,0.0,0.0,0.0,0.0,43,knn_minus_proxy
kd_0637d2ba500730c793ff2e4e,0.029885576501466504,0.0,-27.0,0.0,0.0,43,knn_minus_proxy
kd_73e35b9b277fc64319d2d17f,-0.34368412976686474,0.0,-61.0,0.0,0.0,43,knn_minus_proxy
kd_9c770ca4a5c9fb6e0e1dff93,-0.3492876753608897,0.0,-122.0,0.0,0.0,43,knn_minus_proxy
kd_75f488d063803eeeb6666076,-0.4786361861562993,0.0,62.0,-1.0,0.0,43,knn_minus_proxy
kd_af94251062d5e58be540de56,-0.9432635083275365,0.0,19.0,0.0,0.0,43,knn_minus_proxy
kd_aadcfae83998198fbdcd6799,-0.321269947390765,0.0,-32.0,0.0,1.0,43,knn_minus_proxy
kd_92f53eafd9f43f45053e1dc8,0.11954230600586602,0.0,-7.0,0.0,0.0,43,knn_minus_proxy
kd_b463ef298a7278fd4e8a7698,-0.014942788250733252,0.0,20.0,0.0,1.0,43,knn_minus_proxy
kd_5f775e49ea0f06a0b64ee81e,-0.06537469859695788,0.0,-161.0,1.0,1.0,43,knn_minus_proxy
kd_0a11333097835c8000a298e8,-0.4408122533966309,0.0,30.0,-1.0,0.0,43,knn_minus_proxy
kd_ff12214927cffc1bc78a3f3b,0.08218533537903289,0.0,-42.0,0.0,0.0,43,knn_minus_proxy
kd_955b68ce87e0b551b0f22cc1,-0.10459951775513276,0.0,-70.0,1.0,0.0,43,knn_minus_proxy
kd_00ddc07213c50dbb42a236b4,0.033621273564149845,0.0,0.0,0.0,0.0,43,knn_minus_proxy
kd_3a93cb91626c91324299e6b3,-0.02614987943878322,0.0,-21.0,0.0,0.0,43,knn_minus_proxy
kd_3678c9bd88df7259ac3be8d7,0.31940209885942333,0.0,0.0,0.0,0.0,43,knn_minus_proxy
kd_6536fbf15f66f2071646b558,-0.030819500767137402,0.0,29.0,0.0,0.0,43,knn_minus_proxy
kd_ef541e60f97b7051cfe71d83,-0.1169740142752712,0.0,-19.0,0.0,0.0,43,knn_minus_proxy
kd_8f656d90b7ba87bf9e9df386,-0.1232780030685493,0.0,-12.0,0.0,0.0,43,knn_minus_proxy
kd_30ca0cbde6249db0b42c9ca4,0.03362127356414979,0.0,7.0,0.0,0.0,43,knn_minus_proxy
kd_d7079c7e3d74a15c9ce4741e,-0.10646736628647446,0.0,0.0,0.0,0.0,43,knn_minus_proxy
kd_39ce005bc1284f9eff126627,0.3362127356414982,0.0,-38.0,0.0,0.0,43,knn_minus_proxy
kd_8668f267ac7a52bca77258b0,-0.2727058855758818,0.0,0.0,0.0,0.0,43,knn_minus_proxy
kd_21e05f9048486f62561d70cb,0.018678485313416537,0.0,0.0,0.0,0.0,43,knn_minus_proxy
kd_c8f73e4da8bbc74402e4457a,-0.34741982682954814,0.0,-65.0,0.0,0.0,43,knn_minus_proxy
kd_97455520dd0400652f19b288,0.037356970626833075,-1.0,-228.0,1.0,0.0,43,knn_minus_proxy
kd_51b5f42b31396d4dfad14080,-0.18118130754014067,1.0,157.0,0.0,0.0,43,knn_minus_proxy
kd_283aa47667ab0f8f72b4f7fb,-0.14102256411629502,0.0,-1.0,0.0,1.0,43,knn_minus_proxy
kd_e5f205930c45d3a8c2690b73,0.49217808800852636,0.0,-119.0,0.0,-1.0,43,knn_minus_proxy
kd_6b5fc0131d5fa6acf679a964,-0.16437067075806544,0.0,0.0,0.0,0.0,43,knn_minus_proxy
kd_29d7e1c97e11797659573572,-0.19799194432221556,0.0,-17.0,0.0,0.0,43,knn_minus_proxy
kd_2b4c5db78039873bcd0c5243,-1.5166930074494251,0.0,17.0,0.0,0.0,43,knn_minus_proxy
kd_8af5e2303bb6525d507373c2,0.0,0.0,0.0,0.0,0.0,43,knn_minus_proxy
kd_bd07da4570d7d8257c80f9c8,-0.03362127356414979,0.0,-103.0,1.0,0.0,43,knn_minus_proxy
kd_11a0a7838ceb038b878b1384,0.0,0.0,0.0,0.0,0.0,43,knn_minus_proxy
kd_337de4cac2c2b6013d965258,0.029885576501466726,0.0,0.0,0.0,0.0,43,knn_minus_proxy
kd_82c59f52ef83959fb4719b7f,-0.33247703857881494,0.0,-55.0,0.0,0.0,43,knn_minus_proxy
kd_c413db9546b13dd02b7651cc,0.7900999287575206,0.0,-27.0,0.0,1.0,43,knn_minus_proxy
kd_a34d08150abb6ab91810237c,0.0,0.0,-51.0,1.0,0.0,43,knn_minus_proxy
kd_03c4977c72f101e6ffa0d554,0.0,0.0,0.0,0.0,0.0,43,knn_minus_proxy
kd_d94070ac7ac057dd328baf23,0.3203360231250941,0.0,190.0,-1.0,1.0,43,knn_minus_proxy
kd_0793f9bcfee6188a7909ed5d,0.0,0.0,0.0,0.0,0.0,43,knn_minus_proxy
kd_37e005e20c8045235504784d,0.8704174156052118,-1.0,-44.0,0.0,0.0,43,knn_minus_proxy
kd_cce166c6ae4ade447f92df31,-1.0497308746140108,0.0,-82.0,0.0,1.0,43,knn_minus_proxy
kd_4b625e06304655df1a468cdf,0.10086382069244948,0.0,6.0,0.0,0.0,43,knn_minus_proxy
kd_5e9254e9fad91fc915dc82b3,-0.11393876041184112,0.0,-7.0,0.0,0.0,43,knn_minus_proxy
kd_236dca1fd7f3100029dee6d5,2.327339270051704,0.0,-156.0,0.0,1.0,43,knn_minus_proxy
kd_ff09ac0a847e09a7e7e89710,-0.14008863985062428,0.0,48.0,0.0,0.0,43,knn_minus_proxy
kd_4795e2d66ea2fb9712fb73f7,0.23348106641770705,0.0,0.0,0.0,0.0,43,knn_minus_proxy
kd_2171f943ee83b0e11c23beff,-0.6724254712829962,-1.0,0.0,0.0,0.0,43,knn_minus_proxy
kd_d86001e07af2e2fd8e02d0e9,0.0,0.0,0.0,0.0,0.0,43,knn_minus_proxy
kd_ce0a7427a6f6a61142fb7ea0,0.20172764138489885,0.0,0.0,0.0,0.0,43,knn_minus_proxy
kd_a9e7370ede480a455e83ad2b,0.11580660894318273,0.0,-8.0,0.0,0.0,43,knn_minus_proxy
kd_4c3f5995c10e7e602c95221e,-0.3829089489250396,0.0,0.0,0.0,0.0,43,knn_minus_proxy
kd_8da15d7c749e6ac90c6b6436,0.0,0.0,0.0,0.0,0.0,43,knn_minus_proxy
kd_1b4c1c215484dd7870c27c8e,-0.11954230600586613,0.0,-18.0,0.0,0.0,43,knn_minus_proxy
kd_a9b4f902f6a3da82280503f3,0.029885576501466504,0.0,-12.0,0.0,0.0,43,knn_minus_proxy
kd_ebcb4ed0d2ab9791fd2e428c,-0.1270137001312327,0.0,6.0,0.0,0.0,43,knn_minus_proxy
kd_623ef34c85aa74b0958ee4c9,0.6070507726860384,0.0,-243.0,1.0,1.0,43,knn_minus_proxy
kd_ca27925b457fc5e4b1669206,0.0,0.0,0.0,0.0,0.0,43,knn_minus_proxy
kd_16966534cf8172598e749081,0.831192596447037,0.0,-50.0,1.0,0.0,43,knn_minus_proxy
kd_87fda711fc4d6256cd5bf7c4,-0.514125308251791,0.0,108.0,-1.0,0.0,43,knn_minus_proxy
kd_3a8fb93118a1b39075962739,0.31006285620271495,0.0,-9.0,0.0,0.0,43,knn_minus_proxy
kd_7d5b9fc0bd59b96425a64085,0.0,0.0,0.0,0.0,0.0,43,knn_minus_proxy
kd_82b876bbfef53a260e4b4e20,0.2157365053699613,0.0,2.0,-1.0,0.0,43,knn_minus_proxy
kd_044bde64f9986a05674ea4d2,1.5316357957001585,0.0,-97.0,0.0,1.0,43,knn_minus_proxy
kd_821e0f654adcb99f6f68c9f3,0.19425624725953222,0.0,-74.0,0.0,0.0,43,knn_minus_proxy
kd_ab78b15678105538aa51021a,0.0,0.0,0.0,0.0,0.0,43,knn_minus_proxy
kd_f016fcf9b0d0e769354f9c85,-0.36423046361162303,0.0,-67.0,0.0,0.0,43,knn_minus_proxy
kd_ca15fd55ffff62883064e0ad,0.0,0.0,0.0,0.0,0.0,43,knn_minus_proxy
kd_f707be2d82f4e5e385e2c5ca,-0.190520550196849,0.0,-6.0,0.0,0.0,43,knn_minus_proxy
kd_d974ecf03aa672b03b4c8ab3,0.1232780030685493,-1.0,-71.0,0.0,0.0,43,knn_minus_proxy
kd_cf2814ca44f9ef14b93bafbd,0.05977115300293301,0.0,-5.0,0.0,0.0,43,knn_minus_proxy
kd_0aa8fe11dc4c97d22c54c355,-0.41746414675486027,0.0,19.0,0.0,0.0,43,knn_minus_proxy
kd_19a2ff75aab347a6d8ff24f5,0.0,0.0,0.0,0.0,0.0,43,knn_minus_proxy
kd_f5fba225b2fd620271ec8add,-0.13822079131928267,0.0,69.0,-1.0,0.0,43,knn_minus_proxy
kd_d3c2c827120bcab2893845cd,-0.07844963831634966,0.0,-18.0,0.0,0.0,43,knn_minus_proxy
kd_3d43bfe87cb6a72af076a5e9,-0.14942788250733252,0.0,-3.0,0.0,0.0,43,knn_minus_proxy
kd_9b8942e49d6f80fef85d3613,-0.3063271591400316,0.0,0.0,0.0,0.0,43,knn_minus_proxy
kd_8d26378843b90a1a62657931,0.502101033331279,0.0,-28.0,0.0,0.0,43,knn_minus_proxy
kd_65077295286db4782b024d16,-0.17744561047745738,0.0,25.0,0.0,0.0,43,knn_minus_proxy
kd_086124d3689ecd3b2c30c2ec,-0.7321966242859294,0.0,-94.0,0.0,0.0,43,knn_minus_proxy
kd_3bea970098f23cf84826519f,0.6630862286262881,0.0,-5.0,0.0,0.0,43,knn_minus_proxy
kd_8dd9857d10ad3ebc22616bd8,-0.4333408592712642,0.0,-18.0,0.0,0.0,43,knn_minus_proxy
kd_4d0d6fa57578f0d0efa044b5,0.48564061814883075,0.0,4.0,0.0,0.0,43,knn_minus_proxy
kd_d8024c1ddef532bacd6784bb,-0.0074713941253663485,0.0,0.0,0.0,0.0,43,knn_minus_proxy
kd_5e6e8d005c00a2aee63800cb,0.05977115300293301,0.0,72.0,0.0,0.0,43,knn_minus_proxy
kd_4559241bcfb1aa502210e545,-0.4725656784294391,0.0,-29.0,0.0,0.0,43,knn_minus_proxy
kd_0cc4301791a6eb00666c5bad,0.7172538360351961,0.0,-133.0,1.0,0.0,43,knn_minus_proxy
kd_488876812436c1253e955a11,0.2540274002624652,0.0,0.0,0.0,0.0,43,knn_minus_proxy
kd_74d1bdb4886aaffcb6d14efb,-0.45015149605333915,0.0,47.0,0.0,0.0,43,knn_minus_proxy
kd_762dd58b7f22d9748b8e32a8,-0.1382207913192825,0.0,0.0,0.0,0.0,43,knn_minus_proxy
kd_f64afcc6a63b828ed0e1dedd,0.2465560061370986,-1.0,0.0,0.0,0.0,43,knn_minus_proxy
kd_236e7384e46f828df553b991,0.0037356970626831743,0.0,0.0,0.0,0.0,43,knn_minus_proxy
kd_6cf4ad7884cfe1898b9104e6,-0.27083803704454024,0.0,-19.0,0.0,0.0,43,knn_minus_proxy
kd_8abd8b27600a81a506daa920,-0.4865745424145016,1.0,-115.0,1.0,0.0,43,knn_minus_proxy
kd_e776273c909299fce421471d,-0.2967544354169056,0.0,-79.0,1.0,0.0,43,knn_minus_proxy
kd_d91f830455a641ac96855ff6,-0.054167607408908025,0.0,-24.0,0.0,0.0,43,knn_minus_proxy
kd_80f12ca54f6cf986ef496efd,-0.3100628562027149,0.0,-23.0,0.0,0.0,43,knn_minus_proxy
kd_8777e1296f5125ef0ee39d74,-0.03735697062683263,0.0,4.0,0.0,0.0,43,knn_minus_proxy
kd_ea604f4141334eba9623b292,-0.11393876041184109,0.0,152.0,-1.0,0.0,43,knn_minus_proxy
kd_5c16e3d38ecd0176c0e3a23c,-0.9843561760170529,0.0,-47.0,0.0,0.0,43,knn_minus_proxy
kd_0b7e493dc98010cdcff214c8,0.3287413415161316,0.0,48.0,0.0,0.0,43,knn_minus_proxy
kd_7c575b69653cbd6bdccbc595,0.23721676348039034,0.0,-25.0,0.0,0.0,43,knn_minus_proxy
kd_9a565ac42a71dae4a9da998e,-0.23908461201173203,0.0,-2.0,0.0,0.0,43,knn_minus_proxy
kd_5b26426cf847bd2eef163de0,-0.09806204789543702,0.0,-64.0,0.0,0.0,43,knn_minus_proxy
kd_4e39a90863e91542e1fd29e2,0.0181677454806277,0.0,-93.0,0.0,0.0,43,knn_minus_proxy
kd_fa631b7a92e860d0dad33e1c,0.07471394125366593,0.0,0.0,0.0,0.0,43,knn_minus_proxy
kd_5209236ae7729d9ac7e48716,0.47816922402346407,0.0,-243.0,1.0,1.0,43,knn_minus_proxy
kd_98d59f41efa9c09e3abc4ebb,-0.35862691801759805,0.0,3.0,0.0,0.0,43,knn_minus_proxy
kd_53ba6f4544a286c85e14ca20,-1.3060930855406536,0.0,-52.0,0.0,1.0,43,knn_minus_proxy
kd_49c248641eb2d6f1d1950084,0.7023110477844628,0.0,0.0,0.0,0.0,43,knn_minus_proxy
kd_dbd08ce1073022ee3d124c6d,-0.04856406181488315,0.0,33.0,0.0,0.0,43,knn_minus_proxy
kd_06e345cbde874b568b26d1b4,-0.4753674512264516,0.0,90.0,-1.0,0.0,43,knn_minus_proxy
kd_4813a77c7b4bf2fd040179aa,0.4109266768951645,0.0,28.0,0.0,1.0,43,knn_minus_proxy
kd_8444bdbe63e22390cd93bcd2,0.1998597928535572,0.0,-60.0,0.0,0.0,43,knn_minus_proxy
kd_83bb4e6461489c4c40824781,-0.7891660044918497,0.0,-66.0,0.0,0.0,43,knn_minus_proxy
kd_06eec941cd2ec2e1fa181ff1,1.126312664399019,0.0,-39.0,1.0,0.0,43,knn_minus_proxy
kd_feb2b96e9a044e19ee29555e,-0.1419564883819655,0.0,14.0,0.0,0.0,43,knn_minus_proxy
kd_78df168c28f4e09a22bed868,-1.2794762439690346,0.0,-27.0,0.0,0.0,43,knn_minus_proxy
kd_e91d0044e10bda49a8c28677,0.4931120122741973,0.0,-1.0,0.0,0.0,43,knn_minus_proxy
kd_8b9e6a55490f80296d500706,0.0,0.0,0.0,0.0,0.0,43,knn_minus_proxy
kd_662c3b6170b155c4362e053a,-0.11393876041184098,0.0,11.0,0.0,0.0,43,knn_minus_proxy
kd_3ecf1a348b52f623c83b3fe8,-0.38851249451906433,0.0,80.0,-1.0,0.0,43,knn_minus_proxy
kd_d1198ede1f47c356dd5f7e3a,0.2204061266983155,0.0,-171.0,1.0,1.0,43,knn_minus_proxy
kd_6bb685b772eaffd82c21b081,-0.32126994739076487,0.0,-173.0,1.0,0.0,43,knn_minus_proxy
kd_ca499aa46528d8b7d3c94e4f,0.0,0.0,0.0,0.0,0.0,43,knn_minus_proxy
kd_55b7d1af43893646313ded93,-0.10086382069244951,0.0,-39.0,0.0,0.0,43,knn_minus_proxy
kd_9adcd16baf7bc4a68d2a398c,0.0,0.0,0.0,0.0,0.0,43,knn_minus_proxy
kd_f0019a4d77a3f9fe318e4d62,0.011207091188049967,0.0,7.0,0.0,0.0,43,knn_minus_proxy
kd_ebe3fac8574aee5567a18afc,-0.7247252301605628,0.0,-146.0,1.0,0.0,43,knn_minus_proxy
kd_8c3f0cc2d75f0cf10c55ac07,-0.13448509425659927,0.0,0.0,0.0,0.0,43,knn_minus_proxy
kd_f4b4ae374e188551f3967af1,-0.5248654373070055,0.0,-41.0,0.0,0.0,43,knn_minus_proxy
kd_a1c9700358857353340ccb81,0.8883954577193753,0.0,-158.0,0.0,0.0,43,knn_minus_proxy
kd_ebb24912bf0232486426305b,-0.2157365053699612,0.0,42.0,0.0,0.0,43,knn_minus_proxy
kd_e571063c330303bb0bca80be,0.0,0.0,0.0,0.0,0.0,43,knn_minus_proxy
kd_c755db06ddc0378ee0b76874,0.0,0.0,0.0,0.0,0.0,43,knn_minus_proxy
kd_9a367e042175ddc1fb0915ae,0.1830491560714823,0.0,-44.0,1.0,0.0,43,knn_minus_proxy
kd_eac3510935e7974ad86dc827,0.08592103244171623,0.0,4.0,0.0,0.0,43,knn_minus_proxy
kd_35011030e3aa2e468d696867,0.20919903551026553,0.0,64.0,-1.0,0.0,43,knn_minus_proxy
kd_7636bfb822f4dd83b341bed4,0.4632264357727308,0.0,0.0,0.0,0.0,43,knn_minus_proxy
kd_041ba9ce056458d281afdcff,-0.40812490409815183,0.0,59.0,0.0,0.0,43,knn_minus_proxy
kd_931b5f84a49c202ba066bee6,0.022414182376099823,0.0,-29.0,0.0,-1.0,43,knn_minus_proxy
kd_25db436c71b9990defbe6aff,-0.022414182376099878,0.0,0.0,0.0,0.0,43,knn_minus_proxy
kd_c219d01ea20a1da24142cf2e,0.6051829241546967,0.0,-137.0,1.0,0.0,43,knn_minus_proxy
kd_532e1623147754c42791b46c,-0.014942788250733141,0.0,0.0,0.0,0.0,43,knn_minus_proxy
kd_e389ec673f8ce08a1ce1635c,-0.1531635795700158,0.0,17.0,0.0,0.0,43,knn_minus_proxy
kd_67f615fcff156ea034ef8879,0.3890378269185043,1.0,46.0,0.0,0.0,43,knn_minus_proxy
kd_4064ccf52794160905a9687e,0.2166704296356322,0.0,-14.0,1.0,0.0,43,knn_minus_proxy
kd_d80b14cf752d3883efe74818,0.45388719311602255,0.0,0.0,0.0,0.0,43,knn_minus_proxy
kd_10405fc8e8322e437a5c24ac,0.5715616505905466,0.0,0.0,0.0,0.0,43,knn_minus_proxy
kd_4c8eacbf16c72610a070956e,0.3399484327041814,0.0,-164.0,1.0,1.0,43,knn_minus_proxy
kd_b54bdc70997a546522943ca0,0.0,0.0,0.0,0.0,0.0,43,knn_minus_proxy
kd_b3288a802eef4ab284cfb3d7,0.1867848531341656,0.0,-211.0,1.0,1.0,43,knn_minus_proxy
kd_8731918f836cf360d2c874b7,0.16810636782074906,0.0,-87.0,0.0,0.0,43,knn_minus_proxy
kd_1de6bd9c7bb9935883f16258,-0.7186547224337023,0.0,26.0,0.0,0.0,43,knn_minus_proxy
kd_2ba2b251739dd370e7459fea,0.0,0.0,0.0,0.0,0.0,43,knn_minus_proxy
kd_03fcff9eb3f60d462f3e1746,1.2112997725750638,0.0,75.0,0.0,0.0,43,knn_minus_proxy
kd_a054a32ad8c9bed42165f0bb,0.3222038716564357,0.0,26.0,0.0,0.0,43,knn_minus_proxy
kd_5ccae99141c04f582d9d4e8c,0.5640902564651802,0.0,-129.0,0.0,0.0,43,knn_minus_proxy
kd_b4572e45da1da4844245ee51,-0.6817647139397046,0.0,53.0,-1.0,0.0,43,knn_minus_proxy
kd_23d251ff18c0ad88cacc6466,0.006537469859695805,0.0,-1.0,0.0,0.0,43,knn_minus_proxy
kd_342202bc6d17db6cc2c316ae,0.1919214365953551,0.0,-24.0,0.0,0.0,43,knn_minus_proxy
kd_1129c1b82bb19e38ae4870ec,0.1270137001312326,0.0,-15.0,0.0,0.0,43,knn_minus_proxy
kd_58df97ce2ea22fa28cc93c1c,0.0,0.0,0.0,0.0,0.0,43,knn_minus_proxy
kd_eff2c0bbcb525d453a94a003,0.635068500656163,0.0,46.0,0.0,0.0,43,knn_minus_proxy
kd_713edb3c8b3d82b02b238234,0.006544766143021399,0.0,-26.0,0.0,0.0,43,knn_minus_proxy
kd_3c3dff2d87dfc836a257dbb8,0.0,0.0,0.0,0.0,0.0,43,knn_minus_proxy
kd_6c81d2cab0e5306b8114320b,-0.24503837920538363,0.0,-10.0,0.0,0.0,43,knn_minus_proxy
kd_0f645ab2f0cf6a296b667ee2,0.5902401359039633,0.0,-186.0,1.0,0.0,43,knn_minus_proxy
kd_bc813cbcb226739437b4fe74,0.028951652235795697,0.0,0.0,0.0,0.0,43,knn_minus_proxy
kd_bf4df8885f043da35b45cddb,0.266168415716186,0.0,-102.0,0.0,0.0,43,knn_minus_proxy
kd_fa78995a636106aaf585d94e,-1.0063033962603174,0.0,-18.0,0.0,0.0,43,knn_minus_proxy
kd_7bbd2160035d8ee6a921a11a,0.007471394125366793,0.0,0.0,0.0,0.0,43,knn_minus_proxy
kd_03fa424bfb530e4d47902a35,1.0763477161856296,0.0,-137.0,1.0,0.0,43,knn_minus_proxy
kd_c1e4365ce2f64bd9ba0dc62a,-0.3483537510952188,0.0,14.0,0.0,0.0,43,knn_minus_proxy
kd_32d138a29ca3c331c0afec3a,0.571561650590547,0.0,-184.0,1.0,0.0,43,knn_minus_proxy
kd_16038bbd91346c809dad8c15,-0.21293473257294881,0.0,142.0,-1.0,1.0,43,knn_minus_proxy
kd_1aa2e448451d3ff61d14e990,-0.2028950467169874,0.0,-15.0,0.0,0.0,43,knn_minus_proxy
kd_e25d516d60676126b5d870aa,0.11207091188049945,0.0,-74.0,0.0,0.0,43,knn_minus_proxy
kd_675d73c25297ff53c2dc8559,0.3922481915817479,0.0,-105.0,0.0,0.0,43,knn_minus_proxy
kd_aab2b402e73cd25cd7e0d59a,0.5491474682144469,0.0,-93.0,0.0,0.0,43,knn_minus_proxy
kd_4430ff871b6f0b3fa0ff9dae,0.0,0.0,0.0,0.0,0.0,43,knn_minus_proxy
kd_a28cd4d8cc2900e435373bc8,0.2591639837236548,0.0,-8.0,0.0,0.0,43,knn_minus_proxy
kd_b68622ee718fd6e52012b13c,0.4987155578682223,0.0,-20.0,0.0,1.0,43,knn_minus_proxy
kd_498f2a7845ffb573474e40f0,0.6798968654083631,0.0,-161.0,1.0,0.0,43,knn_minus_proxy
kd_9540d3f6da989c518e04d119,0.1634367464923949,0.0,0.0,0.0,0.0,43,knn_minus_proxy
kd_346696119c7964bcbae6018a,0.731612921619885,0.0,8.0,0.0,0.0,43,knn_minus_proxy
kd_c07053f6dfb037715ce86394,-0.44081225339663077,0.0,120.0,-1.0,0.0,43,knn_minus_proxy
kd_1d0def496835e6600a3cc4b4,-0.483772769617489,0.0,-7.0,0.0,0.0,43,knn_minus_proxy
kd_fe0c0fa50ae7379dc78fc33c,-0.05977115300293301,0.0,0.0,0.0,0.0,43,knn_minus_proxy
kd_bff63c65835d118afd10e69d,0.1456921854446493,1.0,-21.0,0.0,0.0,43,knn_minus_proxy
kd_2843d67254c82288dfa42ff0,-0.820919429524658,0.0,-152.0,0.0,0.0,43,knn_minus_proxy
kd_e7911b3a050a9bdc5b63db6b,-0.014942788250733363,0.0,4.0,0.0,0.0,43,knn_minus_proxy
kd_fef504af01787a1429a14f66,-0.6528130617039088,0.0,56.0,0.0,0.0,43,knn_minus_proxy
kd_ae99c30704453d6bfc326643,0.6770950926113505,-1.0,152.0,0.0,0.0,43,knn_minus_proxy
kd_66e992eec4020646eb40d96f,-0.2122342893736957,0.0,-49.0,0.0,0.0,43,knn_minus_proxy
kd_73dbc68edc7127fcf9339f15,-0.30632715914003183,0.0,9.0,0.0,1.0,43,knn_minus_proxy
kd_0ca1c6458189bda41a449a35,0.1232780030685493,1.0,-23.0,0.0,0.0,43,knn_minus_proxy
kd_a7fb6c1706458e8f940da1e5,0.0466962132835414,0.0,-32.0,0.0,0.0,43,knn_minus_proxy
kd_6cd107ed88624782e14cae33,0.1194255654726571,0.0,-32.0,0.0,0.0,43,knn_minus_proxy
kd_83e0ec80c8009430665ba033,0.13074939719391598,0.0,36.0,0.0,0.0,43,knn_minus_proxy
kd_ee2ba887d02289aba9ac61d6,0.6948396536590962,0.0,-29.0,0.0,0.0,43,knn_minus_proxy
kd_8b796391a1ee138498db497e,0.0,0.0,0.0,0.0,0.0,43,knn_minus_proxy
kd_3e98ce3602bbbafd06d07174,0.3903803430504062,0.0,-82.0,0.0,0.0,43,knn_minus_proxy
kd_ce4e9001e66a9885106723a4,-0.4211706586842412,0.0,-45.0,0.0,0.0,43,knn_minus_proxy
kd_0107d7e0c363b34b7179e6b7,-0.0074713941253665705,0.0,18.0,0.0,0.0,43,knn_minus_proxy
kd_8dfaf3ececbbbaad2867f07f,0.19612409579087386,0.0,-149.0,0.0,0.0,43,knn_minus_proxy
kd_bc0335880ba16b9d3a5a86e2,0.2465560061370986,0.0,0.0,0.0,0.0,43,knn_minus_proxy
kd_7cab33e7bfcdd4dc0277a735,0.022414182376099934,0.0,0.0,0.0,0.0,43,knn_minus_proxy
kd_5807efd3919dbbd623c3b410,-0.26523449145051514,0.0,-73.0,0.0,0.0,43,knn_minus_proxy
kd_a6a7a3662cf31f630b3e70fe,0.037356970626833075,0.0,-42.0,0.0,0.0,43,knn_minus_proxy
kd_0396dac0d83b97528eb72274,0.2727058855758819,0.0,-78.0,1.0,0.0,43,knn_minus_proxy
kd_1fda02ce136f642b26f7e54c,-0.48564061814883075,0.0,48.0,0.0,0.0,43,knn_minus_proxy
kd_e581f891227e38af7b0328b0,0.9899597216110779,0.0,3.0,0.0,0.0,43,knn_minus_proxy
kd_82264eee82ef5c190cecbbc8,0.40952579049665805,0.0,-28.0,0.0,0.0,43,knn_minus_proxy
kd_bd64fbd0d78bf868a90bb48d,-0.031753425032808216,0.0,66.0,0.0,0.0,43,knn_minus_proxy
kd_6531d681d9930408b8f87043,0.0037356970626832853,0.0,-128.0,0.0,0.0,43,knn_minus_proxy
kd_ecbb1e5a67d908096db321c8,-0.5491474682144469,0.0,-34.0,0.0,0.0,43,knn_minus_proxy
kd_89c00ebdad5a11f1ddfaacf8,-0.011207091188049967,0.0,0.0,0.0,0.0,43,knn_minus_proxy
kd_06c7e1be566a48e13b9f1091,0.3819750246593687,0.0,-112.0,1.0,0.0,43,knn_minus_proxy
kd_6f9ea1a5dcb73a04202c6b51,0.11954230600586602,0.0,-44.0,0.0,0.0,43,knn_minus_proxy
kd_2f3f697bc5b8cdbbf312f872,0.0,0.0,0.0,0.0,0.0,43,knn_minus_proxy
kd_3f1849c3b0a45b2a2ce5e3ac,0.8115801868679496,0.0,-19.0,0.0,0.0,43,knn_minus_proxy
kd_dbef906fa4b396823819e2b3,0.3137985532653983,0.0,-147.0,0.0,1.0,43,knn_minus_proxy
kd_8ecfa993673525e19c5b7610,0.4071909798324811,0.0,11.0,0.0,0.0,43,knn_minus_proxy
kd_40697a5226c30c4d016e8fdb,-0.05229975887756644,0.0,53.0,-1.0,0.0,43,knn_minus_proxy
kd_5de1f8173b117c560f13de2e,0.40345528276979775,0.0,-176.0,1.0,0.0,43,knn_minus_proxy
kd_d271bd6572d5edfd93e34f4a,0.5771651961845718,0.0,-57.0,1.0,0.0,43,knn_minus_proxy
kd_07eabc02dd7b67f836daf48d,-0.036423046361162295,0.0,15.0,0.0,0.0,43,knn_minus_proxy
kd_fcc7a96f19ea8c3f601dde96,-0.07097824419098286,-1.0,52.0,0.0,0.0,43,knn_minus_proxy
kd_bf15440e9f8b5ba6ea16e7e8,0.23908461201173203,-1.0,112.0,-1.0,0.0,43,knn_minus_proxy
kd_6b5809724e52657461669247,-0.14756003397599088,0.0,-107.0,0.0,0.0,43,knn_minus_proxy
kd_46468a1c238400968442298d,-0.3941160401130895,0.0,41.0,0.0,0.0,43,knn_minus_proxy
kd_1230bdae7ad25e2e5d6efe65,-0.10553344202080359,0.0,-12.0,0.0,0.0,43,knn_minus_proxy
kd_e3526159733061188292192b,1.3028243506108053,0.0,-42.0,0.0,1.0,43,knn_minus_proxy
kd_545d977bdfd15a7de63decef,0.891897673715641,0.0,-148.0,0.0,0.0,43,knn_minus_proxy
kd_c17dfaacf8d4ad13a846c194,-0.6135882425457342,0.0,0.0,0.0,0.0,43,knn_minus_proxy
kd_4fb5037d0517b5f2e49d7cb8,-0.36609831214296484,0.0,-54.0,0.0,0.0,43,knn_minus_proxy
kd_1d79d6ebeee966e822594975,-0.1265467379983972,0.0,-93.0,0.0,0.0,43,knn_minus_proxy
kd_f365608e3456db106d18c6d2,-0.5120057379457175,0.0,-22.0,0.0,0.0,43,knn_minus_proxy
kd_bc6f8eb78e05a8d59745ffed,-0.45015149605333926,0.0,11.0,0.0,0.0,43,knn_minus_proxy
kd_44fd7701e3dfd5f4bc6f6ecc,0.0,0.0,0.0,0.0,0.0,43,knn_minus_proxy
kd_25b2a0f557fab05ce8cbea0b,0.0,0.0,0.0,0.0,0.0,43,knn_minus_proxy
kd_1240f69190ec158049575b49,0.0,0.0,0.0,0.0,0.0,43,knn_minus_proxy
kd_ddb4c8b0260ad31176f76b90,-0.6313328035934797,0.0,-16.0,0.0,0.0,43,knn_minus_proxy
kd_517ecbd776daeba4ab9666b7,-1.0133078282528485,0.0,-21.0,0.0,0.0,43,knn_minus_proxy
kd_f4e0e749659102bf369dba8b,-0.16250282222672402,0.0,0.0,0.0,0.0,43,knn_minus_proxy
kd_bfd35d6d571cbdefe4c41963,-0.022414182376099934,0.0,0.0,0.0,0.0,43,knn_minus_proxy
kd_2ce88da4db9c6445cbc5bf85,0.10273166922379112,0.0,94.0,-1.0,0.0,43,knn_minus_proxy
kd_aacff545b47c1a6a4f23548f,0.0,0.0,0.0,0.0,0.0,43,knn_minus_proxy
kd_ba66b49705100b5412c90e8d,-0.7097824419098293,0.0,-59.0,0.0,0.0,43,knn_minus_proxy
kd_8ab4bedf148d4b59bc45f2f4,-0.1270137001312326,0.0,0.0,0.0,0.0,43,knn_minus_proxy
kd_3cf88783ee0c3c77f5331652,-0.037356970626833075,0.0,-1.0,0.0,0.0,43,knn_minus_proxy
kd_e536977c48f88fcd4b180512,-1.0030346613304695,0.0,-213.0,0.0,0.0,43,knn_minus_proxy
kd_0b6d866948b5e966b829cc29,-0.518794929580145,0.0,98.0,-1.0,0.0,43,knn_minus_proxy
kd_8c24202a727e579098b94c6d,0.6042489998890259,0.0,-130.0,1.0,0.0,43,knn_minus_proxy
kd_d10962711da64ffb5ae80f66,0.6911039565964129,0.0,-53.0,1.0,0.0,43,knn_minus_proxy
kd_7927560a296d36cd72316624,-0.19775846325579782,0.0,-45.0,0.0,0.0,43,knn_minus_proxy
kd_fae6107b53bd4fc360aeaa45,0.23161321788636569,0.0,-24.0,0.0,0.0,43,knn_minus_proxy
kd_52c4a05ba2d3b47277faf01b,1.707213557646274,0.0,15.0,0.0,1.0,43,knn_minus_proxy
kd_e6390b34135c1cd7a39132fa,0.081251411113362,0.0,8.0,0.0,0.0,43,knn_minus_proxy
kd_49a7e0e3ff55d485dbd43b8f,0.8237212023216705,0.0,-24.0,1.0,0.0,43,knn_minus_proxy
kd_65e7c7fa432ee1ed075aaabb,0.05977115300293301,0.0,0.0,0.0,0.0,43,knn_minus_proxy
kd_8c385ebac898db63722bac13,0.24282030907441537,0.0,-5.0,1.0,0.0,43,knn_minus_proxy
kd_0ab33e2772ade36ef9f5a293,-1.1879516659332936,1.0,0.0,0.0,0.0,43,knn_minus_proxy
kd_33c7d51a7e7fe447906a5bbd,-0.03362127356414979,1.0,-136.0,0.0,0.0,43,knn_minus_proxy
kd_eb7d02d556f01f10d42c3463,-0.10646736628647441,0.0,-37.0,0.0,0.0,43,knn_minus_proxy
kd_6984c83fe2fbd80be2ef8b4f,-0.5865044388412801,0.0,65.0,-1.0,0.0,43,knn_minus_proxy
kd_ecd82effaa32c8d3fd8b982d,0.3025914620773483,0.0,-72.0,0.0,0.0,43,knn_minus_proxy
kd_1406f9ed81e9ba179d19d833,-0.112070911880499,0.0,80.0,-1.0,0.0,43,knn_minus_proxy
kd_6a0dd6edde402f516e5c3f79,0.1606349736953825,0.0,11.0,0.0,0.0,43,knn_minus_proxy
kd_58e03570c88e5ac1bf94dd8f,0.0466962132835414,0.0,-5.0,0.0,0.0,43,knn_minus_proxy
kd_f63025844d48a3321377498c,0.026850322638036293,0.0,-15.0,0.0,0.0,43,knn_minus_proxy
kd_155ed9ef353c0ee7a08036e1,0.2748072151736412,0.0,-16.0,0.0,0.0,43,knn_minus_proxy
kd_28ccf6c2f3fc4f718ba4f90c,0.9479331296558906,0.0,-1.0,0.0,0.0,43,knn_minus_proxy
kd_a0ade6d7986938d4c3cbb9d6,-0.022414182376099934,0.0,-175.0,1.0,0.0,43,knn_minus_proxy
kd_62475db489ba4ee3597c281f,-0.2839129767639317,0.0,-29.0,0.0,0.0,43,knn_minus_proxy
kd_b99062524313c56b2906eb27,-0.3455519782982065,0.0,-68.0,0.0,0.0,43,knn_minus_proxy
kd_d501a62c914eb78bd2b274d4,-0.3268734929847899,0.0,0.0,0.0,0.0,43,knn_minus_proxy
kd_3a7f5dd3fc8051bd0c93b71a,0.28764867382661496,0.0,-94.0,0.0,0.0,43,knn_minus_proxy
kd_38ff25c3ed3bd32656894946,-0.0074713941253663485,0.0,0.0,0.0,0.0,43,knn_minus_proxy
kd_fb992816d6728b68cbacf8e5,0.6897030701979067,-1.0,-91.0,0.0,0.0,43,knn_minus_proxy
kd_57158d52462fba194f9e7804,0.25589524879380693,1.0,-16.0,1.0,0.0,43,knn_minus_proxy
kd_fe67321abf933a46af2a4731,0.125145851599891,0.0,-42.0,0.0,0.0,43,knn_minus_proxy
kd_9d8bc6ce23d674106d635fb3,0.18024738327446987,0.0,-89.0,1.0,0.0,43,knn_minus_proxy
kd_91aed97c8a1adc0773c93e33,-1.1655374835571934,0.0,69.0,0.0,0.0,43,knn_minus_proxy
kd_1ff731959a1f8ce9514704d5,-0.8302586721813663,0.0,0.0,0.0,0.0,43,knn_minus_proxy
kd_1ea51e50d142a5ca0ba6c72a,0.0,0.0,0.0,0.0,0.0,43,knn_minus_proxy
kd_709bbdb38dd392f9450c4a85,0.009718649389636999,0.0,-32.0,0.0,0.0,43,knn_minus_proxy
kd_caf4373e6c9764852fd5cecc,0.11207091188049945,0.0,12.0,0.0,0.0,43,knn_minus_proxy
kd_62b0bbd193d4ac3d9fb402df,-0.49684770933688066,0.0,0.0,0.0,0.0,43,knn_minus_proxy
kd_4763ae933051f649c7787e07,0.0,0.0,0.0,0.0,0.0,43,knn_minus_proxy
kd_4143f7934d8081b4b40d7876,-0.43801048059961856,0.0,-32.0,0.0,0.0,43,knn_minus_proxy
kd_6971c8a7d93ca6c0fb87327c,0.5454117711517638,0.0,32.0,0.0,0.0,43,knn_minus_proxy
kd_201f90802d2394c5aa7815ed,-0.6724254712829963,0.0,-94.0,0.0,0.0,43,knn_minus_proxy
kd_24ccb3fcf8e2d0d665c3484d,0.1426569315812189,0.0,-243.0,1.0,0.0,43,knn_minus_proxy
kd_1b9a4d75c053a822348c97b5,0.331543114313144,1.0,-15.0,0.0,0.0,43,knn_minus_proxy
kd_5dddbafd3cdef4834e92f57a,-0.6201257124054299,0.0,9.0,0.0,0.0,43,knn_minus_proxy
kd_8475db7047f02a3b5bfd79f4,0.1942562472595324,0.0,-230.0,1.0,0.0,43,knn_minus_proxy
kd_f297ea2ae829946d73e03751,-0.05416760740890808,0.0,0.0,0.0,0.0,43,knn_minus_proxy
kd_1f2adf27a567024a0fad633c,-0.5005834063995638,0.0,-12.0,0.0,0.0,43,knn_minus_proxy
kd_5bb61e7e3ec5f3e5b4d72be0,-0.08218533537903283,0.0,-30.0,0.0,0.0,43,knn_minus_proxy
kd_8d34261c233b4482bd3a9f10,0.35489122095491465,0.0,0.0,0.0,0.0,43,knn_minus_proxy
kd_db630f9fac261aae2da35b05,0.0971281236297662,0.0,-91.0,1.0,0.0,43,knn_minus_proxy
kd_c76edaaf58c95ed625250242,-0.35535818308775013,0.0,74.0,-1.0,0.0,43,knn_minus_proxy
kd_8b0e8de90b798303dcafdfaa,0.018678485313416537,0.0,0.0,0.0,0.0,43,knn_minus_proxy
kd_e5a3f5e98071bffa6e3bd18e,0.41092667689516427,0.0,22.0,0.0,0.0,43,knn_minus_proxy
kd_52a963b6298f99e5bc971159,-0.8433336119007578,0.0,-35.0,0.0,0.0,43,knn_minus_proxy
kd_1b76167e70ae814132a60b33,-0.0044361402619364,0.0,2.0,0.0,0.0,43,knn_minus_proxy
kd_6003a3f093f328c732ee04db,-1.0142417525185194,0.0,-9.0,0.0,1.0,43,knn_minus_proxy
kd_c9d78cd8af2c57e8e322f606,-0.36609831214296473,1.0,19.0,0.0,0.0,43,knn_minus_proxy
kd_d733c318fd9b7f90ea826c47,0.0,0.0,0.0,0.0,0.0,43,knn_minus_proxy
kd_c23ae3c0389744b8cc8128dc,-0.3773054033310146,0.0,-21.0,0.0,0.0,43,knn_minus_proxy
kd_3abc038ff690aefa71fa1d0c,-0.6873682595337295,0.0,-129.0,0.0,0.0,43,knn_minus_proxy
kd_2adc04ac3b6879ac4ed8c920,0.05977115300293301,0.0,-30.0,0.0,0.0,43,knn_minus_proxy
kd_8c9bec58f7026f319aa477b0,-0.47069782989809705,0.0,-2.0,0.0,0.0,43,knn_minus_proxy
kd_50e81536ba16b1febbc52881,0.07471394125366632,0.0,2.0,0.0,0.0,43,knn_minus_proxy
kd_5cd61749928b2a949a904b2b,-0.4151293360906831,0.0,0.0,0.0,0.0,44,knn_minus_proxy
kd_b6ac530b94d265ef1c3723e4,-0.20919903551026553,0.0,59.0,0.0,0.0,44,knn_minus_proxy
kd_7695c04e2f4aa27f34f0cfbd,0.0378823030262728,0.0,-70.0,0.0,0.0,44,knn_minus_proxy
kd_43c10c5c575cfcf3ad4c3f30,0.10459951775513288,0.0,0.0,0.0,0.0,44,knn_minus_proxy
kd_219d26da3deb62df0b005308,-0.5640902564651802,0.0,13.0,0.0,0.0,44,knn_minus_proxy
kd_9cfbac2012d7295b357b1d03,0.0,0.0,0.0,0.0,0.0,44,knn_minus_proxy
kd_7573ba899293d7e36aef3786,0.0,0.0,0.0,0.0,0.0,44,knn_minus_proxy
kd_d15ed33a910802adacc3fd24,-0.5837026660442677,0.0,139.0,-1.0,0.0,44,knn_minus_proxy
kd_5e298ada43fdbcc88b5a60c1,-0.45575504164736413,0.0,-38.0,0.0,0.0,44,knn_minus_proxy
kd_2a46a75e1c18196fe730e2e7,-0.0018678485313416981,0.0,0.0,0.0,0.0,44,knn_minus_proxy
kd_e177f6055163fbfd4e20ac03,-0.19425624725953228,0.0,101.0,0.0,0.0,44,knn_minus_proxy
kd_1287f4d13e1295c95caccdee,0.4557550416473639,0.0,0.0,0.0,0.0,44,knn_minus_proxy
kd_6b8ac712eda8bbbac2f7903a,-0.2372167634803904,0.0,-3.0,0.0,0.0,44,knn_minus_proxy
kd_1d6af05820a9efb4f12963e8,0.1823487128722292,0.0,60.0,0.0,0.0,44,knn_minus_proxy
kd_13efffb08aa3d0e439742776,-0.7041788963158044,0.0,-52.0,0.0,0.0,44,knn_minus_proxy
kd_50c0d02613c6ca3ba4fe4df1,-0.11954230600586602,0.0,46.0,0.0,0.0,44,knn_minus_proxy
kd_25de202b286f85e95bad9ffc,-0.43894440486528935,0.0,7.0,0.0,0.0,44,knn_minus_proxy
kd_0f7a3f96892e9379826b6755,-0.029885576501466504,0.0,0.0,0.0,0.0,44,knn_minus_proxy
kd_f15db617dcc4c8762ed2d589,-0.2502917031997819,0.0,-106.0,0.0,0.0,44,knn_minus_proxy
kd_b110ddb367a0f8167a7dfa9c,-0.054167607408908094,0.0,-25.0,0.0,0.0,44,knn_minus_proxy
kd_86697c70ae5e12f0c5b6aed4,0.381041100393698,0.0,0.0,0.0,0.0,44,knn_minus_proxy
kd_add43391da210c3e1b157227,0.0,0.0,0.0,0.0,0.0,44,knn_minus_proxy
kd_d1d640853132fc17ba37f815,-0.3660983121429647,0.0,0.0,0.0,0.0,44,knn_minus_proxy
kd_d26a1ccfdc5e29d184db77fe,-0.43357434033768205,0.0,-61.0,0.0,1.0,44,knn_minus_proxy
kd_4a0b566c572101857260ba19,-0.0971281236297662,0.0,-14.0,1.0,0.0,44,knn_minus_proxy
kd_192c5b80f8ba0cf00211b58c,0.07284609272232456,0.0,-47.0,0.0,0.0,44,knn_minus_proxy
kd_3c7df3bbc64e416eacdc3b97,-0.02895165223579571,0.0,42.0,0.0,0.0,44,knn_minus_proxy
kd_67177a1d4a66e393ebb0d10f,-0.6070507726860385,0.0,-22.0,0.0,0.0,44,knn_minus_proxy
kd_03c8532d2fbb46edd80cb55a,0.0,0.0,0.0,0.0,0.0,44,knn_minus_proxy
kd_c8255a1f881250bea9d24744,-0.07284609272232462,0.0,0.0,0.0,0.0,44,knn_minus_proxy
kd_82097ed0fcacd74298cc8d2d,0.08592103244171623,0.0,-13.0,0.0,0.0,44,knn_minus_proxy
kd_0ecf6a0f2aa0bb19d4b754ab,-0.4991825200010577,1.0,-57.0,1.0,0.0,44,knn_minus_proxy
kd_ea0da14e287368179aecbe7d,0.22974536935502374,0.0,-43.0,1.0,0.0,44,knn_minus_proxy
kd_1630d917a79188d8c5435cce,0.0,0.0,0.0,0.0,0.0,44,knn_minus_proxy
kd_b4ca5c72954c93f5fa907cf7,0.23161321788636524,0.0,0.0,0.0,0.0,44,knn_minus_proxy
kd_b6e759e6f1d1cfa4f3866a0a,0.0022180701309682006,0.0,-1.0,0.0,0.0,44,knn_minus_proxy
kd_09a3e23137f3c535fd5ce71c,0.0,0.0,0.0,0.0,0.0,44,knn_minus_proxy
kd_e12416d3adebadb26b22db83,0.0,0.0,0.0,0.0,0.0,44,knn_minus_proxy
kd_79142af4a61394f005aed390,0.258230059457984,0.0,7.0,0.0,0.0,44,knn_minus_proxy
kd_8595082b4be2adbf36df2397,0.08965672950439951,0.0,31.0,-1.0,0.0,44,knn_minus_proxy
kd_7b7ad7282c5dbdfd501944a2,0.0,0.0,0.0,0.0,0.0,44,knn_minus_proxy
kd_2bb218d77d9786a30617fce9,0.32874134151613144,0.0,0.0,0.0,0.0,44,knn_minus_proxy
kd_86d096064ddcc9bcd47b348c,-0.4034552827697977,0.0,-2.0,0.0,0.0,44,knn_minus_proxy
kd_f50a0d1e71d129f5c4f8dcba,0.0,0.0,0.0,0.0,0.0,44,knn_minus_proxy
kd_0aceef94927d94d499ba1117,0.6107864697487216,0.0,40.0,0.0,0.0,44,knn_minus_proxy
kd_fc7db40650f051e1a7b3b25c,-0.01494278825073328,0.0,-54.0,0.0,0.0,44,knn_minus_proxy
kd_4259334244c0e7a98a7a4467,0.35115552389223126,0.0,40.0,0.0,0.0,44,knn_minus_proxy
kd_ab05f25840a0bdcb28d8c4b6,0.06724254712829958,0.0,0.0,0.0,0.0,44,knn_minus_proxy
kd_2a0da9d2f1b7527e78849cd8,0.11020306334915775,0.0,-244.0,1.0,1.0,44,knn_minus_proxy
kd_289e471b468be0dd1cfc130b,0.07471394125366632,0.0,-10.0,0.0,0.0,44,knn_minus_proxy
kd_6fbe8e49e73593b8e40b2985,-0.15689927663269887,0.0,-16.0,0.0,0.0,44,knn_minus_proxy
kd_ed869b316e0b90de53aa8a6a,-0.40999275262949364,0.0,87.0,-1.0,0.0,44,knn_minus_proxy
kd_64c8f1ef4af48e288af57579,-0.2614987943878322,0.0,14.0,-1.0,0.0,44,knn_minus_proxy
kd_752ab4534ea407f3576791de,-0.14942788250733252,0.0,0.0,0.0,0.0,44,knn_minus_proxy
kd_eaa0a2b11f10c99e19680e57,0.310062856202715,0.0,0.0,0.0,0.0,44,knn_minus_proxy
kd_67adcc095cd9aa4d7b363e72,0.08218533537903339,0.0,-127.0,1.0,0.0,44,knn_minus_proxy
kd_aba477edf0e6dbe37affdf05,-0.7952365122187103,0.0,0.0,0.0,0.0,44,knn_minus_proxy
kd_26e668bec024526b0d237184,0.0,0.0,0.0,0.0,0.0,44,knn_minus_proxy
kd_8f3a7c444b919fefb1ad42f5,0.011207091188049967,0.0,0.0,0.0,0.0,44,knn_minus_proxy
kd_42cedabbc8044ad805908ff6,0.09712812362976608,0.0,9.0,0.0,0.0,44,knn_minus_proxy
kd_9fbd59ca280e2f7c4c3a6796,0.0,0.0,0.0,0.0,0.0,44,knn_minus_proxy
kd_cf3a39f7a30b2ea12c3e3ba4,-1.0945592393662107,0.0,-65.0,0.0,0.0,44,knn_minus_proxy
kd_e995a0867d374d01a5be11fd,-0.8993690678410075,0.0,189.0,-1.0,1.0,44,knn_minus_proxy
kd_8e8e9162242a8bab5b026832,0.41279452542650613,0.0,4.0,0.0,0.0,44,knn_minus_proxy
kd_7fcdb2e651cb227d61f7128f,0.0,0.0,1.0,0.0,-1.0,44,knn_minus_proxy
kd_4625d016594b13610eaf3274,-1.1333170963915498,0.0,-81.0,0.0,1.0,44,knn_minus_proxy
kd_2d70579b7cf34ab8b881b000,0.0,0.0,0.0,0.0,0.0,44,knn_minus_proxy
kd_4cf2ef59848e28715b0a597c,-0.19425624725953217,0.0,0.0,0.0,0.0,44,knn_minus_proxy
kd_f857f68af9fbc270c5008dae,0.4837727696174891,0.0,-5.0,0.0,0.0,44,knn_minus_proxy
kd_e68b62838507b9b07e05da8d,0.0971281236297663,0.0,-42.0,0.0,0.0,44,knn_minus_proxy
kd_d823dc74da5e744a9c5211c1,-0.3829089489250396,0.0,-69.0,0.0,0.0,44,knn_minus_proxy
kd_e1433b2d913ab922c068ae75,0.41839807102053106,0.0,42.0,0.0,0.0,44,knn_minus_proxy
kd_6a87f8b62aaa939421669490,-0.16810636782074906,0.0,-95.0,0.0,1.0,44,knn_minus_proxy
kd_9c0f35b5ee363766658fa9fe,-0.2502917031997819,0.0,22.0,-1.0,0.0,44,knn_minus_proxy
kd_f5909a5db98cbcff855a9f3e,0.4557550416473639,0.0,34.0,0.0,0.0,44,knn_minus_proxy
kd_1a269e8a183e99f05159d878,0.48972653681114064,0.0,53.0,0.0,0.0,44,knn_minus_proxy
kd_051c247edfdb5485f2c1ab04,0.0,0.0,0.0,0.0,0.0,44,knn_minus_proxy
kd_85c2fafd20b581654035d0f1,0.9097589752965953,0.0,-116.0,0.0,0.0,44,knn_minus_proxy
kd_7a000af99dd910c536d74f8f,-0.1270137001312326,-1.0,0.0,0.0,0.0,44,knn_minus_proxy
kd_83172de6d67da8a1fa3e7927,1.1020306334915773,0.0,-129.0,1.0,0.0,44,knn_minus_proxy
kd_367e035e5c26e544a66bb970,0.17931345900879903,0.0,16.0,0.0,1.0,44,knn_minus_proxy
kd_95e2d25d4657888961b58b46,0.11393876041184109,0.0,63.0,0.0,0.0,44,knn_minus_proxy
kd_763925f81f998cbd44083bd0,-0.06350685006561618,0.0,-35.0,0.0,0.0,44,knn_minus_proxy
kd_badba8e96cf959cefcaf1f1e,1.0011668127991278,0.0,-241.0,1.0,1.0,44,knn_minus_proxy
kd_1e83dcea3dec4ec644646014,0.0,0.0,0.0,0.0,0.0,44,knn_minus_proxy
kd_6186761abcaaedbf9bb574f1,0.1494278825073324,0.0,-124.0,0.0,0.0,44,knn_minus_proxy
kd_2488e674ed614fbed37f6015,0.0,0.0,0.0,0.0,0.0,44,knn_minus_proxy
kd_6544e5e4d9f5d0ed92b2020c,0.7844963831634957,0.0,118.0,-1.0,0.0,44,knn_minus_proxy
kd_29eeb12d74e5ef3f01667ceb,0.20172764138489896,0.0,1.0,0.0,0.0,44,knn_minus_proxy
kd_f559118ba8bef09810af916e,-0.029885576501466504,0.0,0.0,0.0,0.0,44,knn_minus_proxy
kd_14a51154c0b60f1506c64150,0.07471394125366637,0.0,-7.0,0.0,0.0,44,knn_minus_proxy
kd_ebd5112eb8df2c99d6daca41,0.1349520563894347,0.0,17.0,0.0,0.0,44,knn_minus_proxy
kd_c12d4113db3ed7ef546595d8,-0.8480032332291121,0.0,-56.0,0.0,0.0,44,knn_minus_proxy
kd_42f66aa9b511a4450e6db56d,-0.321269947390765,0.0,-42.0,0.0,0.0,44,knn_minus_proxy
kd_a71863453c9b8aebebf9abf6,0.0,0.0,0.0,0.0,0.0,44,knn_minus_proxy
kd_0c8a28ad95050087db9ccbd7,0.011207091188049856,0.0,0.0,0.0,0.0,44,knn_minus_proxy
kd_9bf706330f1dbb43cb189bcf,-0.7041788963158047,0.0,-170.0,1.0,0.0,44,knn_minus_proxy
kd_ffd971ab3dc06e3ac3df4d6a,-0.38290894892503957,0.0,-60.0,0.0,0.0,44,knn_minus_proxy
kd_1ca76deb0e06433a778b7e84,-0.7041788963158044,0.0,118.0,0.0,1.0,44,knn_minus_proxy
kd_aa055010781c1e019ef3d80a,1.20663015124671,0.0,-77.0,1.0,0.0,44,knn_minus_proxy
kd_84822e7c0fb605ca1ffa73c7,0.46591146803653444,0.0,-10.0,0.0,0.0,44,knn_minus_proxy
kd_6fc8b1070b637d9af5702a73,-0.549147468214447,0.0,-62.0,0.0,0.0,44,knn_minus_proxy
kd_fb946893662533a221acd495,0.0037356970626832853,0.0,-1.0,0.0,0.0,44,knn_minus_proxy
kd_0c1fcda6e46b9f5d6097ee6a,0.11954230600586602,0.0,-12.0,0.0,0.0,44,knn_minus_proxy
kd_20acd2db15e21078427bf826,0.0,0.0,0.0,0.0,0.0,44,knn_minus_proxy
kd_24f6ff0687bf1363d989a142,-0.5790330447159135,0.0,-185.0,1.0,1.0,44,knn_minus_proxy
kd_e4381a69329bd6264953a1da,-0.44641579899065575,0.0,171.0,-1.0,0.0,44,knn_minus_proxy
kd_0fa072b020347c84d0f9f9e0,0.3063271591400317,-1.0,-16.0,1.0,0.0,44,knn_minus_proxy
kd_a7fe3db4d8084a3554050976,-0.2643005671848443,-1.0,-11.0,0.0,0.0,44,knn_minus_proxy
kd_226475783237b2de05959e8a,0.0,0.0,0.0,0.0,0.0,44,knn_minus_proxy
kd_82f951245b1dda7314a68294,-0.4562220037801996,0.0,-87.0,0.0,0.0,44,knn_minus_proxy
kd_748ec285b3988b22a6fd8374,0.14195648838196595,0.0,0.0,0.0,0.0,44,knn_minus_proxy
kd_78df0e4099ba4e84c9b38c3a,0.0,0.0,0.0,0.0,0.0,44,knn_minus_proxy
kd_802ac4885cac8723e268820d,0.007471394125366598,0.0,27.0,0.0,0.0,44,knn_minus_proxy
kd_a7fd594adb76fe9a5852764f,0.424702059813809,0.0,-48.0,0.0,0.0,44,knn_minus_proxy
kd_b122bfb7fe8ede08e8bb415d,-0.6939057293934254,0.0,51.0,-1.0,0.0,44,knn_minus_proxy
kd_2bcd91836cecc2ec105b5a7a,0.0,0.0,0.0,0.0,0.0,44,knn_minus_proxy
kd_325988d77939660a8e9793eb,0.0,0.0,0.0,0.0,0.0,44,knn_minus_proxy
kd_15b91891c359cc93c4d5dc07,1.1375197555870686,0.0,-26.0,0.0,1.0,44,knn_minus_proxy
kd_e7deeb908b4c9779cc1f250e,-0.2326638826852451,0.0,-5.0,0.0,0.0,44,knn_minus_proxy
kd_2ec551d0ea262c092b9b06e8,1.158066089431827,0.0,-82.0,1.0,0.0,44,knn_minus_proxy
kd_b6d470cdf01032207a171faa,-0.7751571405067873,0.0,-18.0,0.0,0.0,44,knn_minus_proxy
kd_e9b30d3fb2b21648b8f15b1f,-0.29138437088929847,0.0,0.0,0.0,0.0,44,knn_minus_proxy
kd_a6f5907b87ebeed9667a8ef7,-0.5827687417785968,0.0,25.0,0.0,0.0,44,knn_minus_proxy
kd_7c35bcee3a72947238d26ec9,-0.42213376808321434,0.0,0.0,0.0,0.0,44,knn_minus_proxy
kd_9663dc0445544f3d9b6421f6,-0.2675693021146923,0.0,4.0,0.0,0.0,44,knn_minus_proxy
kd_a9452342ddea3892ab46345c,0.014942788250733141,0.0,0.0,0.0,0.0,44,knn_minus_proxy
kd_3017401732c33f9490fb79bd,-0.044828364752199645,0.0,22.0,0.0,0.0,44,knn_minus_proxy
kd_1a2a8f2ad67f8bdc6147bf3a,-0.05229975887756644,0.0,16.0,0.0,0.0,44,knn_minus_proxy
kd_40ac11f63f31a7501a637338,0.10459951775513282,0.0,-10.0,0.0,0.0,44,knn_minus_proxy
kd_75d8ff20f11e75b72e068de6,-0.526733285838347,0.0,0.0,0.0,0.0,44,knn_minus_proxy
kd_b3da0a72d89e29d87b1acf56,0.9077743862320451,0.0,0.0,0.0,0.0,44,knn_minus_proxy
kd_c27de7b13324d1108ef1172e,-0.0037356970626833963,0.0,158.0,-1.0,0.0,44,knn_minus_proxy
kd_199ec2bc091a07547aa118c2,0.14942788250733252,-1.0,-38.0,1.0,0.0,44,knn_minus_proxy
kd_17e7c1f63b2ca1bf0ebaeb84,0.1419564883819659,0.0,91.0,0.0,0.0,44,knn_minus_proxy
kd_a955023c928fb3bc77dead05,0.23908461201173203,-1.0,-223.0,0.0,1.0,44,knn_minus_proxy
kd_1ab792535d936d204130a63d,-0.02755076583728941,0.0,-4.0,0.0,0.0,44,knn_minus_proxy
kd_b87df26623a45147b4911f14,-0.3137985532653985,0.0,-12.0,0.0,0.0,44,knn_minus_proxy
kd_fe5993bcd7ba344b5a136aa3,-0.429605162208581,0.0,-39.0,0.0,0.0,44,knn_minus_proxy
kd_afb3ba49f097d119e49e3fe0,0.1284145865297388,0.0,10.0,0.0,0.0,44,knn_minus_proxy
kd_42e0de0b60f99f460f80671c,0.0,0.0,0.0,0.0,0.0,44,knn_minus_proxy
kd_8df7cc2db49186bba9541c22,0.3520894481579022,0.0,0.0,0.0,0.0,44,knn_minus_proxy
kd_31a829970bb4c83c7ab4548f,-0.2853138631624379,0.0,0.0,0.0,0.0,44,knn_minus_proxy
kd_55e56447b486ce90456fd651,-0.3063271591400316,0.0,0.0,0.0,0.0,44,knn_minus_proxy
kd_4da3a59766f0961bed8e8004,-0.593041908700976,0.0,0.0,0.0,0.0,44,knn_minus_proxy
kd_2276dce93dc09df494cd3665,-0.4034552827697978,0.0,54.0,0.0,0.0,44,knn_minus_proxy
kd_dd50ae44f1aec029b28e45df,0.15689927663269926,0.0,35.0,0.0,0.0,44,knn_minus_proxy
kd_87fd2187baacc3ac73021e73,0.4996494821338931,0.0,22.0,0.0,-1.0,44,knn_minus_proxy
kd_d254ecd9d2c44b185bfdb665,-0.08592103244171612,0.0,-76.0,0.0,1.0,44,knn_minus_proxy
kd_bc78fa42c32027c76c4cb54b,-0.0560354559402495,0.0,0.0,0.0,0.0,44,knn_minus_proxy
kd_96899161374a07ffc3eaa0cf,0.8666817185425285,0.0,-171.0,1.0,0.0,44,knn_minus_proxy
kd_7f6a192fa9ba5ffb2c0ab1fc,-0.125145851599891,0.0,-2.0,0.0,0.0,44,knn_minus_proxy
kd_67d59adb743926615c9faf5f,0.537940377026397,0.0,0.0,0.0,0.0,44,knn_minus_proxy
kd_ac40c9b5469a30d72147b730,-0.1424234505148014,0.0,-3.0,0.0,0.0,44,knn_minus_proxy
kd_3d789b2f78ffc7376d7de661,0.3137985532653982,0.0,-22.0,0.0,0.0,44,knn_minus_proxy
kd_7e56fe7174e265e41bf4afec,-0.2839129767639319,0.0,-26.0,0.0,0.0,44,knn_minus_proxy
kd_da0c97d36ca33f19eb8c13b1,0.0,0.0,0.0,0.0,0.0,44,knn_minus_proxy
kd_f0edfff8855a782029537abd,-0.3362127356414981,0.0,66.0,-1.0,0.0,44,knn_minus_proxy
kd_52c8620ec9294e9d8434e1ec,0.3936490779802541,0.0,28.0,0.0,1.0,44,knn_minus_proxy
kd_2e2e27ac59ab82a2511b735f,0.7957034743515455,0.0,0.0,0.0,0.0,44,knn_minus_proxy
kd_d462b092f427cd31cae5cb8d,0.0,0.0,0.0,0.0,0.0,44,knn_minus_proxy
kd_b91bbc7f3a1ede90552d52d8,-0.1232780030685493,0.0,9.0,0.0,0.0,44,knn_minus_proxy
kd_3a3b2fddc100b32b2226ad90,-0.0009339242656707936,0.0,0.0,0.0,0.0,44,knn_minus_proxy
kd_c6ebcc27be318fae935a6101,-0.014942788250733141,0.0,-111.0,1.0,0.0,44,knn_minus_proxy
kd_0b63333a947642c7b1301f73,0.0,0.0,0.0,0.0,0.0,44,knn_minus_proxy
kd_9ca9660c7b872f998d43ce37,-0.9694133877663196,0.0,-51.0,0.0,0.0,44,knn_minus_proxy
kd_2be4d3c2fd5884a54727d97f,0.07097824419098298,0.0,3.0,0.0,0.0,44,knn_minus_proxy
kd_5384f336b14f189793b90848,0.39598388864443124,0.0,-38.0,0.0,0.0,44,knn_minus_proxy
kd_14dbade9267804825ba62e2f,-0.8031748684769122,0.0,5.0,0.0,0.0,44,knn_minus_proxy
kd_006d737db8deef4192483b68,0.7338309917508532,0.0,-119.0,0.0,0.0,44,knn_minus_proxy
kd_ce48f78d0523145c4b29299a,-0.05977115300293301,0.0,-69.0,1.0,0.0,44,knn_minus_proxy
kd_3f9f6c6a9ad4892e1410f832,0.3959838886444311,0.0,-10.0,0.0,0.0,44,knn_minus_proxy
kd_3aa3a6c789c08ba74724e49e,-0.45201934458468096,0.0,2.0,0.0,1.0,44,knn_minus_proxy
kd_51d7fdc7febe6070c3752f93,-0.4912441637428557,0.0,49.0,-1.0,0.0,44,knn_minus_proxy
kd_5a1643dcfb70ce5ea68d25f6,-0.13074939719391598,0.0,0.0,0.0,0.0,44,knn_minus_proxy
kd_1148daf4b1c7855fd786f047,0.2540274002624653,0.0,65.0,0.0,0.0,44,knn_minus_proxy
kd_821e8bed368743cb8949bedb,0.1045995177551331,0.0,36.0,0.0,0.0,44,knn_minus_proxy
kd_aac1574e80ac87f8557064b8,-1.1207091188049938,0.0,-14.0,0.0,0.0,44,knn_minus_proxy
kd_5c554dbaea142c518dac12b0,-0.23348106641770713,0.0,65.0,0.0,0.0,44,knn_minus_proxy
kd_7366566281309e17126c41fd,-0.007471394125366682,0.0,1.0,0.0,0.0,44,knn_minus_proxy
kd_16fc4752242267eed1a7eb99,0.07471394125366615,0.0,24.0,0.0,0.0,44,knn_minus_proxy
kd_85beb53ccc24e26a5bc92d7a,0.5727290559226353,0.0,-194.0,1.0,0.0,44,knn_minus_proxy
kd_43347729c3d598dac52e2dff,0.0466962132835414,0.0,25.0,0.0,0.0,44,knn_minus_proxy
kd_5d67c0982732e57da0b176ae,0.20546333844758224,0.0,0.0,0.0,0.0,44,knn_minus_proxy
kd_cb90121acea3cc10b1cd0bdf,-0.05229975887756644,1.0,0.0,0.0,0.0,44,knn_minus_proxy
kd_a6de584789832e35803199ee,-0.1419564883819659,0.0,-7.0,0.0,0.0,44,knn_minus_proxy
kd_6d6efc5947452ec5a720112a,-0.4931120122741973,0.0,0.0,1.0,0.0,44,knn_minus_proxy
kd_0d00c76afa4987a9aff899ee,-0.1867848531341656,1.0,44.0,-1.0,0.0,44,knn_minus_proxy
kd_d1a4b9346fa249ef85f6e378,2.0621047786011886,0.0,-47.0,0.0,1.0,44,knn_minus_proxy
kd_fdad39478f675422aa848a1c,0.5043191034622473,0.0,8.0,0.0,0.0,44,knn_minus_proxy
kd_05af3763f3fc7048c7fd3bd8,0.5771651961845717,0.0,23.0,0.0,0.0,44,knn_minus_proxy
kd_fc97ff55f1b6b027235c854e,-0.20172764138489874,-1.0,-136.0,1.0,0.0,44,knn_minus_proxy
kd_fc7ea53f8df2775c425532b2,0.09339242656708291,0.0,165.0,-1.0,0.0,44,knn_minus_proxy
kd_738b1cab4a2d3d3ddd4c0bc4,-0.4370765563339475,0.0,137.0,-1.0,0.0,44,knn_minus_proxy
kd_8646975820c0f4c20f5b4496,-0.05977115300293301,0.0,0.0,0.0,0.0,44,knn_minus_proxy
kd_0637d2ba500730c793ff2e4e,-0.17557776194611568,0.0,-30.0,0.0,0.0,44,knn_minus_proxy
kd_73e35b9b277fc64319d2d17f,-1.1487268467751186,0.0,-39.0,0.0,0.0,44,knn_minus_proxy
kd_9c770ca4a5c9fb6e0e1dff93,-0.13261724572525763,0.0,-128.0,0.0,0.0,44,knn_minus_proxy
kd_75f488d063803eeeb6666076,-0.050898872479060095,0.0,-17.0,0.0,0.0,44,knn_minus_proxy
kd_af94251062d5e58be540de56,-1.0684093599274274,0.0,14.0,0.0,0.0,44,knn_minus_proxy
kd_aadcfae83998198fbdcd6799,-0.3287413415161313,0.0,-32.0,0.0,1.0,44,knn_minus_proxy
kd_92f53eafd9f43f45053e1dc8,0.6911039565964128,0.0,-44.0,0.0,0.0,44,knn_minus_proxy
kd_b463ef298a7278fd4e8a7698,-0.5519492410114595,0.0,-117.0,0.0,-1.0,44,knn_minus_proxy
kd_5f775e49ea0f06a0b64ee81e,0.33060919004747324,0.0,24.0,0.0,-1.0,44,knn_minus_proxy
kd_0a11333097835c8000a298e8,-1.2327800306854932,0.0,90.0,-1.0,0.0,44,knn_minus_proxy
kd_ff12214927cffc1bc78a3f3b,0.46416036003840155,0.0,-50.0,0.0,0.0,44,knn_minus_proxy
kd_955b68ce87e0b551b0f22cc1,-0.9801535168215342,0.0,20.0,-1.0,0.0,44,knn_minus_proxy
kd_00ddc07213c50dbb42a236b4,0.20919903551026575,0.0,0.0,0.0,0.0,44,knn_minus_proxy
kd_3a93cb91626c91324299e6b3,-0.0672425471282996,0.0,-31.0,0.0,0.0,44,knn_minus_proxy
kd_3678c9bd88df7259ac3be8d7,0.07938356258202031,0.0,0.0,0.0,0.0,44,knn_minus_proxy
kd_6536fbf15f66f2071646b558,0.1769786483446219,0.0,10.0,0.0,0.0,44,knn_minus_proxy
kd_ef541e60f97b7051cfe71d83,0.4141954118250123,0.0,31.0,0.0,0.0,44,knn_minus_proxy
kd_8f656d90b7ba87bf9e9df386,-0.1232780030685493,0.0,-12.0,0.0,0.0,44,knn_minus_proxy
kd_30ca0cbde6249db0b42c9ca4,-0.05229975887756633,0.0,-78.0,0.0,0.0,44,knn_minus_proxy
kd_d7079c7e3d74a15c9ce4741e,-0.16437067075806577,0.0,0.0,0.0,0.0,44,knn_minus_proxy
kd_39ce005bc1284f9eff126627,0.17557776194611574,0.0,-50.0,0.0,0.0,44,knn_minus_proxy
kd_8668f267ac7a52bca77258b0,0.1270137001312326,0.0,-65.0,1.0,0.0,44,knn_minus_proxy
kd_21e05f9048486f62561d70cb,0.0635068500656164,0.0,0.0,0.0,0.0,44,knn_minus_proxy
kd_c8f73e4da8bbc74402e4457a,-0.20546333844758224,0.0,-77.0,0.0,0.0,44,knn_minus_proxy
kd_97455520dd0400652f19b288,0.037356970626833075,0.0,15.0,-1.0,0.0,44,knn_minus_proxy
kd_51b5f42b31396d4dfad14080,-0.9395278112648532,1.0,152.0,0.0,0.0,44,knn_minus_proxy
kd_283aa47667ab0f8f72b4f7fb,0.0,0.0,0.0,0.0,0.0,44,knn_minus_proxy
kd_e5f205930c45d3a8c2690b73,0.065374698596958,0.0,-53.0,0.0,-1.0,44,knn_minus_proxy
kd_6b5fc0131d5fa6acf679a964,-0.022414182376099934,0.0,0.0,0.0,0.0,44,knn_minus_proxy
kd_29d7e1c97e11797659573572,-0.2409524605430738,0.0,13.0,0.0,0.0,44,knn_minus_proxy
kd_2b4c5db78039873bcd0c5243,-1.2439871218735432,0.0,17.0,0.0,0.0,44,knn_minus_proxy
kd_8af5e2303bb6525d507373c2,0.0,0.0,0.0,0.0,0.0,44,knn_minus_proxy
kd_bd07da4570d7d8257c80f9c8,0.2883491170258683,0.0,40.0,0.0,0.0,44,knn_minus_proxy
kd_11a0a7838ceb038b878b1384,0.0,0.0,0.0,0.0,0.0,44,knn_minus_proxy
kd_337de4cac2c2b6013d965258,0.6369363491875049,0.0,-61.0,1.0,0.0,44,knn_minus_proxy
kd_82c59f52ef83959fb4719b7f,0.5127244218532846,0.0,-4.0,0.0,0.0,44,knn_minus_proxy
kd_c413db9546b13dd02b7651cc,-0.15689927663269926,-1.0,-94.0,0.0,1.0,44,knn_minus_proxy
kd_a34d08150abb6ab91810237c,-0.13448509425659927,0.0,-6.0,0.0,0.0,44,knn_minus_proxy
kd_03c4977c72f101e6ffa0d554,0.007471394125366626,0.0,0.0,0.0,0.0,44,knn_minus_proxy
kd_d94070ac7ac057dd328baf23,-0.510856573321943,0.0,-50.0,0.0,0.0,44,knn_minus_proxy
kd_0793f9bcfee6188a7909ed5d,0.0,0.0,0.0,0.0,0.0,44,knn_minus_proxy
kd_37e005e20c8045235504784d,-1.5092216133240584,0.0,74.0,0.0,0.0,44,knn_minus_proxy
kd_cce166c6ae4ade447f92df31,-1.22904433362281,0.0,-98.0,0.0,0.0,44,knn_minus_proxy
kd_4b625e06304655df1a468cdf,-0.32874134151613177,0.0,13.0,0.0,0.0,44,knn_minus_proxy
kd_5e9254e9fad91fc915dc82b3,0.0,0.0,0.0,0.0,0.0,44,knn_minus_proxy
kd_236dca1fd7f3100029dee6d5,-0.11207091188049945,0.0,0.0,0.0,0.0,44,knn_minus_proxy
kd_ff09ac0a847e09a7e7e89710,0.03548912209549149,0.0,-16.0,0.0,0.0,44,knn_minus_proxy
kd_4795e2d66ea2fb9712fb73f7,0.17090814061776158,0.0,47.0,-1.0,0.0,44,knn_minus_proxy
kd_2171f943ee83b0e11c23beff,-0.17184206488343223,-1.0,0.0,0.0,0.0,44,knn_minus_proxy
kd_d86001e07af2e2fd8e02d0e9,0.0,0.0,0.0,0.0,0.0,44,knn_minus_proxy
kd_ce0a7427a6f6a61142fb7ea0,0.26149879438783186,0.0,0.0,0.0,0.0,44,knn_minus_proxy
kd_a9e7370ede480a455e83ad2b,-0.014942788250733252,0.0,21.0,0.0,0.0,44,knn_minus_proxy
kd_4c3f5995c10e7e602c95221e,-0.33247703857881483,0.0,0.0,0.0,0.0,44,knn_minus_proxy
kd_8da15d7c749e6ac90c6b6436,-0.4219002870167967,0.0,-8.0,0.0,0.0,44,knn_minus_proxy
kd_1b4c1c215484dd7870c27c8e,0.0,0.0,0.0,0.0,0.0,44,knn_minus_proxy
kd_a9b4f902f6a3da82280503f3,-0.851738930291795,0.0,-34.0,0.0,0.0,44,knn_minus_proxy
kd_ebcb4ed0d2ab9791fd2e428c,-0.3436841297668648,1.0,-25.0,1.0,0.0,44,knn_minus_proxy
kd_623ef34c85aa74b0958ee4c9,1.0030346613304695,0.0,-243.0,1.0,1.0,44,knn_minus_proxy
kd_ca27925b457fc5e4b1669206,-1.163669635025852,0.0,199.0,-1.0,0.0,44,knn_minus_proxy
kd_16966534cf8172598e749081,0.3886292350522733,0.0,-17.0,0.0,0.0,44,knn_minus_proxy
kd_87fda711fc4d6256cd5bf7c4,-0.03455519782982061,0.0,2.0,0.0,0.0,44,knn_minus_proxy
kd_3a8fb93118a1b39075962739,0.31006285620271495,0.0,-34.0,0.0,0.0,44,knn_minus_proxy
kd_7d5b9fc0bd59b96425a64085,0.0158767125164041,0.0,3.0,0.0,0.0,44,knn_minus_proxy
kd_82b876bbfef53a260e4b4e20,-0.14942788250733252,0.0,0.0,0.0,0.0,44,knn_minus_proxy
kd_044bde64f9986a05674ea4d2,1.5316357957001585,0.0,-97.0,0.0,1.0,44,knn_minus_proxy
kd_821e0f654adcb99f6f68c9f3,-0.0971281236297662,0.0,9.0,0.0,0.0,44,knn_minus_proxy
kd_ab78b15678105538aa51021a,0.0,0.0,0.0,0.0,0.0,44,knn_minus_proxy
kd_f016fcf9b0d0e769354f9c85,-0.2344149906833779,0.0,32.0,0.0,0.0,44,knn_minus_proxy
kd_ca15fd55ffff62883064e0ad,-0.0803174868476913,0.0,-20.0,0.0,0.0,44,knn_minus_proxy
kd_f707be2d82f4e5e385e2c5ca,-0.08592103244171612,0.0,0.0,0.0,0.0,44,knn_minus_proxy
kd_d974ecf03aa672b03b4c8ab3,0.13074939719391587,0.0,0.0,0.0,0.0,44,knn_minus_proxy
kd_cf2814ca44f9ef14b93bafbd,-0.042960516220858114,0.0,-3.0,0.0,0.0,44,knn_minus_proxy
kd_0aa8fe11dc4c97d22c54c355,-0.3857107217220521,0.0,26.0,0.0,0.0,44,knn_minus_proxy
kd_19a2ff75aab347a6d8ff24f5,0.0,0.0,0.0,0.0,0.0,44,knn_minus_proxy
kd_f5fba225b2fd620271ec8add,0.45201934458468096,0.0,-2.0,1.0,0.0,44,knn_minus_proxy
kd_d3c2c827120bcab2893845cd,-0.6238614094681132,0.0,-37.0,0.0,0.0,44,knn_minus_proxy
kd_3d43bfe87cb6a72af076a5e9,0.1195423060058659,0.0,33.0,0.0,0.0,44,knn_minus_proxy
kd_9b8942e49d6f80fef85d3613,-0.18304915607148264,0.0,-15.0,1.0,0.0,44,knn_minus_proxy
kd_8d26378843b90a1a62657931,-0.0102731669223791,0.0,0.0,0.0,0.0,44,knn_minus_proxy
kd_65077295286db4782b024d16,0.40252135850412696,0.0,-18.0,0.0,0.0,44,knn_minus_proxy
kd_086124d3689ecd3b2c30c2ec,-0.1232780030685493,0.0,-9.0,0.0,0.0,44,knn_minus_proxy
kd_3bea970098f23cf84826519f,0.2063972627132531,0.0,-38.0,0.0,0.0,44,knn_minus_proxy
kd_8dd9857d10ad3ebc22616bd8,-0.007471394125366793,0.0,-9.0,0.0,0.0,44,knn_minus_proxy
kd_4d0d6fa57578f0d0efa044b5,0.0,0.0,0.0,0.0,0.0,44,knn_minus_proxy
kd_d8024c1ddef532bacd6784bb,0.2166704296356322,0.0,0.0,0.0,0.0,44,knn_minus_proxy
kd_5e6e8d005c00a2aee63800cb,-0.14942788250733274,0.0,11.0,0.0,0.0,44,knn_minus_proxy
kd_4559241bcfb1aa502210e545,-0.24468815760575707,0.0,-15.0,0.0,0.0,44,knn_minus_proxy
kd_0cc4301791a6eb00666c5bad,0.27971031756841297,0.0,19.0,0.0,0.0,44,knn_minus_proxy
kd_488876812436c1253e955a11,0.014942788250733363,0.0,0.0,0.0,0.0,44,knn_minus_proxy
kd_74d1bdb4886aaffcb6d14efb,-0.5342046799637137,0.0,30.0,0.0,0.0,44,knn_minus_proxy
kd_762dd58b7f22d9748b8e32a8,0.014008863985062403,0.0,0.0,0.0,0.0,44,knn_minus_proxy
kd_f64afcc6a63b828ed0e1dedd,-0.0074713941253665705,0.0,0.0,0.0,0.0,44,knn_minus_proxy
kd_236e7384e46f828df553b991,-0.4296051622085809,0.0,0.0,0.0,0.0,44,knn_minus_proxy
kd_6cf4ad7884cfe1898b9104e6,-0.30726108340570246,0.0,-22.0,0.0,0.0,44,knn_minus_proxy
kd_8abd8b27600a81a506daa920,-0.2876486738266151,0.0,-53.0,0.0,0.0,44,knn_minus_proxy
kd_e776273c909299fce421471d,0.3917812294489124,0.0,-46.0,1.0,0.0,44,knn_minus_proxy
kd_d91f830455a641ac96855ff6,0.0,0.0,0.0,0.0,0.0,44,knn_minus_proxy
kd_80f12ca54f6cf986ef496efd,0.06163900153427465,0.0,0.0,0.0,0.0,44,knn_minus_proxy
kd_8777e1296f5125ef0ee39d74,0.20172764138489885,0.0,32.0,0.0,0.0,44,knn_minus_proxy
kd_ea604f4141334eba9623b292,-0.45388719311602255,0.0,-18.0,0.0,0.0,44,knn_minus_proxy
kd_5c16e3d38ecd0176c0e3a23c,-0.029885576501466504,0.0,-46.0,0.0,1.0,44,knn_minus_proxy
kd_0b7e493dc98010cdcff214c8,-0.0037356970626832853,0.0,-39.0,0.0,0.0,44,knn_minus_proxy
kd_7c575b69653cbd6bdccbc595,0.0,0.0,0.0,0.0,0.0,44,knn_minus_proxy
kd_9a565ac42a71dae4a9da998e,0.0,0.0,0.0,0.0,0.0,44,knn_minus_proxy
kd_5b26426cf847bd2eef163de0,-0.630398879327809,0.0,-9.0,0.0,0.0,44,knn_minus_proxy
kd_4e39a90863e91542e1fd29e2,0.4230676923488853,0.0,148.0,0.0,0.0,44,knn_minus_proxy
kd_fa631b7a92e860d0dad33e1c,-0.10459951775513243,0.0,0.0,0.0,0.0,44,knn_minus_proxy
kd_5209236ae7729d9ac7e48716,0.6014472270920134,0.0,-168.0,0.0,1.0,44,knn_minus_proxy
kd_98d59f41efa9c09e3abc4ebb,-0.5958436814979886,0.0,79.0,0.0,0.0,44,knn_minus_proxy
kd_53ba6f4544a286c85e14ca20,0.20919903551026564,0.0,0.0,0.0,0.0,44,knn_minus_proxy
kd_49c248641eb2d6f1d1950084,-0.9488670539215613,0.0,0.0,0.0,0.0,44,knn_minus_proxy
kd_dbd08ce1073022ee3d124c6d,0.07471394125366626,0.0,102.0,0.0,0.0,44,knn_minus_proxy
kd_06e345cbde874b568b26d1b4,0.0485640618148831,0.0,-2.0,0.0,0.0,44,knn_minus_proxy
kd_4813a77c7b4bf2fd040179aa,0.6425398947815298,0.0,-69.0,0.0,1.0,44,knn_minus_proxy
kd_8444bdbe63e22390cd93bcd2,0.3007236135460067,0.0,5.0,0.0,0.0,44,knn_minus_proxy
kd_83bb4e6461489c4c40824781,-0.3194020988594232,0.0,1.0,0.0,0.0,44,knn_minus_proxy
kd_06eec941cd2ec2e1fa181ff1,-1.4961466736046667,0.0,-62.0,0.0,1.0,44,knn_minus_proxy
kd_feb2b96e9a044e19ee29555e,0.3399484327041814,0.0,-22.0,0.0,0.0,44,knn_minus_proxy
kd_78df168c28f4e09a22bed868,-1.7632490135865235,0.0,151.0,-1.0,0.0,44,knn_minus_proxy
kd_e91d0044e10bda49a8c28677,0.136352942787941,0.0,-12.0,0.0,0.0,44,knn_minus_proxy
kd_8b9e6a55490f80296d500706,0.0,0.0,0.0,0.0,0.0,44,knn_minus_proxy
kd_662c3b6170b155c4362e053a,0.0037356970626832853,0.0,-67.0,0.0,0.0,44,knn_minus_proxy
kd_3ecf1a348b52f623c83b3fe8,-0.5528831652771302,0.0,106.0,0.0,0.0,44,knn_minus_proxy
kd_d1198ede1f47c356dd5f7e3a,0.14569218544464924,0.0,-177.0,1.0,1.0,44,knn_minus_proxy
kd_6bb685b772eaffd82c21b081,-1.369132973473434,0.0,59.0,-1.0,0.0,44,knn_minus_proxy
kd_ca499aa46528d8b7d3c94e4f,0.0,0.0,0.0,0.0,0.0,44,knn_minus_proxy
kd_55b7d1af43893646313ded93,-0.005603545594025011,0.0,-51.0,0.0,0.0,44,knn_minus_proxy
kd_9adcd16baf7bc4a68d2a398c,-0.08218533537903294,0.0,-16.0,0.0,0.0,44,knn_minus_proxy
kd_f0019a4d77a3f9fe318e4d62,-0.5696938020592053,0.0,-8.0,0.0,0.0,44,knn_minus_proxy
kd_ebe3fac8574aee5567a18afc,0.02614987943878322,0.0,0.0,0.0,0.0,44,knn_minus_proxy
kd_8c3f0cc2d75f0cf10c55ac07,0.6051829241546967,0.0,-172.0,1.0,0.0,44,knn_minus_proxy
kd_f4b4ae374e188551f3967af1,0.2465560061370986,0.0,-94.0,1.0,0.0,44,knn_minus_proxy
kd_a1c9700358857353340ccb81,0.11253787401333479,0.0,-180.0,0.0,0.0,44,knn_minus_proxy
kd_ebb24912bf0232486426305b,-0.0947933129655891,0.0,21.0,0.0,0.0,44,knn_minus_proxy
kd_e571063c330303bb0bca80be,0.0,0.0,0.0,0.0,0.0,44,knn_minus_proxy
kd_c755db06ddc0378ee0b76874,0.0,0.0,0.0,0.0,0.0,44,knn_minus_proxy
kd_9a367e042175ddc1fb0915ae,-0.1270137001312328,0.0,-95.0,0.0,0.0,44,knn_minus_proxy
kd_eac3510935e7974ad86dc827,-0.07097824419098286,0.0,5.0,0.0,0.0,44,knn_minus_proxy
kd_35011030e3aa2e468d696867,-2.207796964045838,0.0,155.0,0.0,0.0,44,knn_minus_proxy
kd_7636bfb822f4dd83b341bed4,-0.07097824419098298,0.0,-85.0,1.0,0.0,44,knn_minus_proxy
kd_041ba9ce056458d281afdcff,-0.12514585159989097,0.0,4.0,0.0,0.0,44,knn_minus_proxy
kd_931b5f84a49c202ba066bee6,0.10459951775513288,0.0,16.0,0.0,1.0,44,knn_minus_proxy
kd_25db436c71b9990defbe6aff,-0.14195648838196595,-1.0,0.0,0.0,0.0,44,knn_minus_proxy
kd_c219d01ea20a1da24142cf2e,-0.33994843270418157,0.0,-135.0,1.0,0.0,44,knn_minus_proxy
kd_532e1623147754c42791b46c,0.1270137001312326,-1.0,0.0,0.0,0.0,44,knn_minus_proxy
kd_e389ec673f8ce08a1ce1635c,0.0,0.0,0.0,0.0,0.0,44,knn_minus_proxy
kd_67f615fcff156ea034ef8879,0.11709075480848,-1.0,8.0,0.0,0.0,44,knn_minus_proxy
kd_4064ccf52794160905a9687e,0.20172764138489885,0.0,0.0,0.0,0.0,44,knn_minus_proxy
kd_d80b14cf752d3883efe74818,-0.0018678485313416981,0.0,68.0,-1.0,0.0,44,knn_minus_proxy
kd_10405fc8e8322e437a5c24ac,0.21293473257294881,0.0,-18.0,0.0,0.0,44,knn_minus_proxy
kd_4c8eacbf16c72610a070956e,0.9233008771488226,0.0,-168.0,1.0,1.0,44,knn_minus_proxy
kd_b54bdc70997a546522943ca0,-0.029885576501466504,0.0,-2.0,0.0,0.0,44,knn_minus_proxy
kd_b3288a802eef4ab284cfb3d7,0.3586269180175983,-1.0,-116.0,0.0,1.0,44,knn_minus_proxy
kd_8731918f836cf360d2c874b7,-0.011207091188049967,0.0,0.0,0.0,0.0,44,knn_minus_proxy
kd_1de6bd9c7bb9935883f16258,0.402521358504127,0.0,40.0,0.0,0.0,44,knn_minus_proxy
kd_2ba2b251739dd370e7459fea,-0.03081950076713738,0.0,1.0,0.0,0.0,44,knn_minus_proxy
kd_03fcff9eb3f60d462f3e1746,0.5724955748562178,0.0,42.0,0.0,0.0,44,knn_minus_proxy
kd_a054a32ad8c9bed42165f0bb,0.1400886398506242,0.0,7.0,0.0,0.0,44,knn_minus_proxy
kd_5ccae99141c04f582d9d4e8c,-0.08965672950439946,0.0,6.0,0.0,0.0,44,knn_minus_proxy
kd_b4572e45da1da4844245ee51,0.1270137001312326,0.0,0.0,0.0,0.0,44,knn_minus_proxy
kd_23d251ff18c0ad88cacc6466,-1.7945354764864963,0.0,1.0,0.0,0.0,44,knn_minus_proxy
kd_342202bc6d17db6cc2c316ae,0.6537469859695797,0.0,-20.0,0.0,0.0,44,knn_minus_proxy
kd_1129c1b82bb19e38ae4870ec,-0.381041100393698,0.0,92.0,0.0,0.0,44,knn_minus_proxy
kd_58df97ce2ea22fa28cc93c1c,-0.04856406181488304,0.0,9.0,0.0,0.0,44,knn_minus_proxy
kd_eff2c0bbcb525d453a94a003,0.0,0.0,0.0,0.0,0.0,44,knn_minus_proxy
kd_713edb3c8b3d82b02b238234,-0.22881144508935297,0.0,-45.0,0.0,0.0,44,knn_minus_proxy
kd_3c3dff2d87dfc836a257dbb8,0.0,0.0,0.0,0.0,0.0,44,knn_minus_proxy
kd_6c81d2cab0e5306b8114320b,0.1884192205990895,0.0,29.0,0.0,0.0,44,knn_minus_proxy
kd_0f645ab2f0cf6a296b667ee2,0.22414182376099878,0.0,18.0,0.0,0.0,44,knn_minus_proxy
kd_bc813cbcb226739437b4fe74,0.0,0.0,0.0,0.0,0.0,44,knn_minus_proxy
kd_bf4df8885f043da35b45cddb,0.0,0.0,0.0,0.0,0.0,44,knn_minus_proxy
kd_fa78995a636106aaf585d94e,-1.2505245917332388,0.0,-33.0,0.0,0.0,44,knn_minus_proxy
kd_7bbd2160035d8ee6a921a11a,-0.0896567295043994,0.0,-25.0,0.0,0.0,44,knn_minus_proxy
kd_03fa424bfb530e4d47902a35,0.510856573321943,0.0,43.0,0.0,0.0,44,knn_minus_proxy
kd_c1e4365ce2f64bd9ba0dc62a,-0.1765116862117866,0.0,-55.0,0.0,1.0,44,knn_minus_proxy
kd_32d138a29ca3c331c0afec3a,0.23908461201173203,0.0,-136.0,0.0,0.0,44,knn_minus_proxy
kd_16038bbd91346c809dad8c15,0.7919677772888623,0.0,-22.0,0.0,0.0,44,knn_minus_proxy
kd_1aa2e448451d3ff61d14e990,-0.0973616046961838,0.0,-45.0,0.0,0.0,44,knn_minus_proxy
kd_e25d516d60676126b5d870aa,-0.26149879438783197,0.0,-126.0,0.0,0.0,44,knn_minus_proxy
kd_675d73c25297ff53c2dc8559,-0.8255890508530122,0.0,-56.0,0.0,0.0,44,knn_minus_proxy
kd_aab2b402e73cd25cd7e0d59a,-0.1106700254819931,0.0,0.0,0.0,0.0,44,knn_minus_proxy
kd_4430ff871b6f0b3fa0ff9dae,-0.0681764713939704,0.0,-4.0,0.0,0.0,44,knn_minus_proxy
kd_a28cd4d8cc2900e435373bc8,-0.006070507726860394,0.0,17.0,0.0,0.0,44,knn_minus_proxy
kd_b68622ee718fd6e52012b13c,0.8255890508530122,0.0,-47.0,0.0,1.0,44,knn_minus_proxy
kd_498f2a7845ffb573474e40f0,-0.45575504164736413,0.0,0.0,0.0,0.0,44,knn_minus_proxy
kd_9540d3f6da989c518e04d119,-0.331543114313144,0.0,0.0,0.0,0.0,44,knn_minus_proxy
kd_346696119c7964bcbae6018a,-0.4389444048652893,0.0,-30.0,0.0,0.0,44,knn_minus_proxy
kd_c07053f6dfb037715ce86394,0.1195423060058659,0.0,27.0,0.0,0.0,44,knn_minus_proxy
kd_1d0def496835e6600a3cc4b4,-0.029885576501466504,0.0,-1.0,0.0,0.0,44,knn_minus_proxy
kd_fe0c0fa50ae7379dc78fc33c,1.1356519070557272,0.0,0.0,0.0,0.0,44,knn_minus_proxy
kd_bff63c65835d118afd10e69d,0.3464859025638772,-1.0,118.0,0.0,0.0,44,knn_minus_proxy
kd_2843d67254c82288dfa42ff0,-0.15269661743718038,0.0,-40.0,0.0,0.0,44,knn_minus_proxy
kd_e7911b3a050a9bdc5b63db6b,-0.0074713941253663485,1.0,-15.0,0.0,0.0,44,knn_minus_proxy
kd_fef504af01787a1429a14f66,0.19425624725953217,0.0,38.0,0.0,0.0,44,knn_minus_proxy
kd_ae99c30704453d6bfc326643,-0.03362127356414979,0.0,147.0,-1.0,0.0,44,knn_minus_proxy
kd_66e992eec4020646eb40d96f,-0.0329208303648967,0.0,-68.0,0.0,0.0,44,knn_minus_proxy
kd_73dbc68edc7127fcf9339f15,0.32126994739076475,0.0,1.0,0.0,0.0,44,knn_minus_proxy
kd_0ca1c6458189bda41a449a35,-0.04296051622085817,0.0,28.0,0.0,0.0,44,knn_minus_proxy
kd_a7fb6c1706458e8f940da1e5,0.4660282085697432,0.0,15.0,0.0,0.0,44,knn_minus_proxy
kd_6cd107ed88624782e14cae33,0.8648138700111869,0.0,-32.0,0.0,1.0,44,knn_minus_proxy
kd_83e0ec80c8009430665ba033,0.0037356970626832853,0.0,-3.0,0.0,0.0,44,knn_minus_proxy
kd_ee2ba887d02289aba9ac61d6,1.0291845407692526,0.0,-132.0,1.0,0.0,44,knn_minus_proxy
kd_8b796391a1ee138498db497e,0.0,0.0,0.0,0.0,0.0,44,knn_minus_proxy
kd_3e98ce3602bbbafd06d07174,0.18585092886849483,0.0,-25.0,0.0,0.0,44,knn_minus_proxy
kd_ce4e9001e66a9885106723a4,0.3600278044161042,0.0,-12.0,0.0,0.0,44,knn_minus_proxy
kd_0107d7e0c363b34b7179e6b7,-1.1309822857273728,0.0,103.0,0.0,0.0,44,knn_minus_proxy
kd_8dfaf3ececbbbaad2867f07f,-0.6238614094681132,0.0,48.0,0.0,0.0,44,knn_minus_proxy
kd_bc0335880ba16b9d3a5a86e2,0.38290894892503957,0.0,-40.0,1.0,0.0,44,knn_minus_proxy
kd_7cab33e7bfcdd4dc0277a735,-0.3063271591400316,0.0,-9.0,0.0,0.0,44,knn_minus_proxy
kd_5807efd3919dbbd623c3b410,-0.5407421498234095,0.0,9.0,0.0,0.0,44,knn_minus_proxy
kd_a6a7a3662cf31f630b3e70fe,0.011207091188049967,0.0,31.0,0.0,0.0,44,knn_minus_proxy
kd_0396dac0d83b97528eb72274,-0.07471394125366626,0.0,133.0,0.0,0.0,44,knn_minus_proxy
kd_1fda02ce136f642b26f7e54c,0.0,0.0,0.0,0.0,0.0,44,knn_minus_proxy
kd_e581f891227e38af7b0328b0,0.15643231449986372,0.0,-4.0,1.0,0.0,44,knn_minus_proxy
kd_82264eee82ef5c190cecbbc8,0.8592103244171618,0.0,6.0,0.0,0.0,44,knn_minus_proxy
kd_bd64fbd0d78bf868a90bb48d,-0.014008863985062375,0.0,96.0,0.0,0.0,44,knn_minus_proxy
kd_6531d681d9930408b8f87043,0.0,0.0,0.0,0.0,0.0,44,knn_minus_proxy
kd_ecbb1e5a67d908096db321c8,-0.3030584242101837,0.0,-51.0,0.0,0.0,44,knn_minus_proxy
kd_89c00ebdad5a11f1ddfaacf8,-0.014942788250733252,0.0,0.0,0.0,0.0,44,knn_minus_proxy
kd_06c7e1be566a48e13b9f1091,-0.3137985532653983,0.0,153.0,-1.0,0.0,44,knn_minus_proxy
kd_6f9ea1a5dcb73a04202c6b51,0.05603545594024972,0.0,30.0,0.0,0.0,44,knn_minus_proxy
kd_2f3f697bc5b8cdbbf312f872,-0.17931345900879903,0.0,-14.0,0.0,0.0,44,knn_minus_proxy
kd_3f1849c3b0a45b2a2ce5e3ac,-0.39038034305040614,0.0,32.0,0.0,0.0,44,knn_minus_proxy
kd_dbef906fa4b396823819e2b3,0.07844963831634955,0.0,-86.0,0.0,1.0,44,knn_minus_proxy
kd_8ecfa993673525e19c5b7610,0.0,0.0,0.0,0.0,0.0,44,knn_minus_proxy
kd_40697a5226c30c4d016e8fdb,0.1487274393080794,0.0,-6.0,1.0,0.0,44,knn_minus_proxy
kd_5de1f8173b117c560f13de2e,0.48190492108614746,0.0,-117.0,0.0,0.0,44,knn_minus_proxy
kd_d271bd6572d5edfd93e34f4a,0.4819049210861473,0.0,0.0,0.0,0.0,44,knn_minus_proxy
kd_07eabc02dd7b67f836daf48d,0.0,0.0,0.0,0.0,0.0,44,knn_minus_proxy
kd_fcc7a96f19ea8c3f601dde96,-0.0933924265670828,0.0,17.0,0.0,0.0,44,knn_minus_proxy
kd_bf15440e9f8b5ba6ea16e7e8,0.0,0.0,0.0,0.0,0.0,44,knn_minus_proxy
kd_6b5809724e52657461669247,0.029885576501466504,0.0,-10.0,0.0,0.0,44,knn_minus_proxy
kd_46468a1c238400968442298d,0.31006285620271506,0.0,-85.0,0.0,1.0,44,knn_minus_proxy
kd_1230bdae7ad25e2e5d6efe65,0.0,0.0,0.0,0.0,0.0,44,knn_minus_proxy
kd_e3526159733061188292192b,1.1954230600586602,0.0,-17.0,0.0,1.0,44,knn_minus_proxy
kd_545d977bdfd15a7de63decef,2.0957260521653387,-1.0,-52.0,0.0,0.0,44,knn_minus_proxy
kd_c17dfaacf8d4ad13a846c194,-0.6766281304785151,0.0,8.0,0.0,0.0,44,knn_minus_proxy
kd_4fb5037d0517b5f2e49d7cb8,0.1568992766326991,0.0,-32.0,0.0,0.0,44,knn_minus_proxy
kd_1d79d6ebeee966e822594975,-0.1284145865297388,0.0,-8.0,0.0,0.0,44,knn_minus_proxy
kd_f365608e3456db106d18c6d2,-1.4868074309479584,0.0,0.0,0.0,0.0,44,knn_minus_proxy
kd_bc6f8eb78e05a8d59745ffed,-0.24468815760575707,1.0,22.0,0.0,0.0,44,knn_minus_proxy
kd_44fd7701e3dfd5f4bc6f6ecc,0.0,0.0,0.0,0.0,0.0,44,knn_minus_proxy
kd_25b2a0f557fab05ce8cbea0b,-0.6425398947815298,0.0,-116.0,0.0,0.0,44,knn_minus_proxy
kd_1240f69190ec158049575b49,0.0,0.0,0.0,0.0,0.0,44,knn_minus_proxy
kd_ddb4c8b0260ad31176f76b90,0.0,0.0,0.0,0.0,0.0,44,knn_minus_proxy
kd_517ecbd776daeba4ab9666b7,-0.3886292350522734,0.0,-19.0,0.0,0.0,44,knn_minus_proxy
kd_f4e0e749659102bf369dba8b,-0.45201934458468074,0.0,0.0,0.0,0.0,44,knn_minus_proxy
kd_bfd35d6d571cbdefe4c41963,0.3567590694862564,0.0,9.0,0.0,0.0,44,knn_minus_proxy
kd_2ce88da4db9c6445cbc5bf85,-0.4688299813667557,0.0,-102.0,0.0,0.0,44,knn_minus_proxy
kd_aacff545b47c1a6a4f23548f,0.0,0.0,0.0,0.0,0.0,44,knn_minus_proxy
kd_ba66b49705100b5412c90e8d,-0.3959838886444311,0.0,-88.0,0.0,0.0,44,knn_minus_proxy
kd_8ab4bedf148d4b59bc45f2f4,0.0,0.0,0.0,0.0,0.0,44,knn_minus_proxy
kd_3cf88783ee0c3c77f5331652,-0.08218533537903272,0.0,-69.0,0.0,0.0,44,knn_minus_proxy
kd_e536977c48f88fcd4b180512,0.0,0.0,0.0,0.0,0.0,44,knn_minus_proxy
kd_0b6d866948b5e966b829cc29,0.6126543182800632,0.0,-15.0,0.0,0.0,44,knn_minus_proxy
kd_8c24202a727e579098b94c6d,1.1561982409004852,0.0,-167.0,1.0,0.0,44,knn_minus_proxy
kd_d10962711da64ffb5ae80f66,0.44828364752199756,-1.0,0.0,0.0,0.0,44,knn_minus_proxy
kd_7927560a296d36cd72316624,0.08965672950439951,0.0,1.0,0.0,0.0,44,knn_minus_proxy
kd_fae6107b53bd4fc360aeaa45,-0.24655600613709883,0.0,-43.0,0.0,0.0,44,knn_minus_proxy
kd_52c4a05ba2d3b47277faf01b,1.707213557646274,0.0,15.0,0.0,1.0,44,knn_minus_proxy
kd_e6390b34135c1cd7a39132fa,0.016810636782074895,0.0,13.0,0.0,0.0,44,knn_minus_proxy
kd_49a7e0e3ff55d485dbd43b8f,-0.28764867382661496,0.0,0.0,0.0,0.0,44,knn_minus_proxy
kd_65e7c7fa432ee1ed075aaabb,-0.5752973476532305,0.0,0.0,0.0,0.0,44,knn_minus_proxy
kd_8c385ebac898db63722bac13,-0.11767445747452432,0.0,-25.0,1.0,0.0,44,knn_minus_proxy
kd_0ab33e2772ade36ef9f5a293,0.42213376808321434,0.0,0.0,0.0,0.0,44,knn_minus_proxy
kd_33c7d51a7e7fe447906a5bbd,-0.10833521481781605,1.0,-85.0,0.0,0.0,44,knn_minus_proxy
kd_eb7d02d556f01f10d42c3463,0.5005834063995642,0.0,13.0,0.0,0.0,44,knn_minus_proxy
kd_6984c83fe2fbd80be2ef8b4f,0.3109967804683857,0.0,-128.0,1.0,0.0,44,knn_minus_proxy
kd_ecd82effaa32c8d3fd8b982d,0.2166704296356322,0.0,20.0,0.0,0.0,44,knn_minus_proxy
kd_1406f9ed81e9ba179d19d833,-0.022414182376100156,0.0,49.0,0.0,0.0,44,knn_minus_proxy
kd_6a0dd6edde402f516e5c3f79,0.2689701885131984,0.0,56.0,-1.0,0.0,44,knn_minus_proxy
kd_58e03570c88e5ac1bf94dd8f,-0.5617554458010032,0.0,11.0,0.0,0.0,44,knn_minus_proxy
kd_f63025844d48a3321377498c,0.7564786551933709,0.0,-38.0,0.0,0.0,44,knn_minus_proxy
kd_155ed9ef353c0ee7a08036e1,0.027083803704454096,0.0,-88.0,0.0,0.0,44,knn_minus_proxy
kd_28ccf6c2f3fc4f718ba4f90c,0.0,0.0,0.0,0.0,0.0,44,knn_minus_proxy
kd_a0ade6d7986938d4c3cbb9d6,1.0198452981125445,0.0,-116.0,1.0,0.0,44,knn_minus_proxy
kd_62475db489ba4ee3597c281f,-0.2614987943878319,0.0,11.0,0.0,0.0,44,knn_minus_proxy
kd_b99062524313c56b2906eb27,-0.3137985532653982,0.0,-16.0,0.0,-1.0,44,knn_minus_proxy
kd_d501a62c914eb78bd2b274d4,-0.3250056444534482,0.0,0.0,0.0,0.0,44,knn_minus_proxy
kd_3a7f5dd3fc8051bd0c93b71a,-0.1484939582416616,0.0,-46.0,0.0,0.0,44,knn_minus_proxy
kd_38ff25c3ed3bd32656894946,-0.7434037154739792,0.0,97.0,0.0,0.0,44,knn_minus_proxy
kd_fb992816d6728b68cbacf8e5,1.423300580882342,-1.0,-181.0,0.0,1.0,44,knn_minus_proxy
kd_57158d52462fba194f9e7804,-0.250291703199782,0.0,0.0,0.0,0.0,44,knn_minus_proxy
kd_fe67321abf933a46af2a4731,-1.1405550094504988,0.0,-32.0,0.0,0.0,44,knn_minus_proxy
kd_9d8bc6ce23d674106d635fb3,-0.5902401359039634,0.0,6.0,0.0,0.0,44,knn_minus_proxy
kd_91aed97c8a1adc0773c93e33,0.47069782989809744,0.0,-121.0,1.0,0.0,44,knn_minus_proxy
kd_1ff731959a1f8ce9514704d5,-0.014942788250733308,0.0,0.0,0.0,0.0,44,knn_minus_proxy
kd_1ea51e50d142a5ca0ba6c72a,0.0,0.0,0.0,0.0,0.0,44,knn_minus_proxy
kd_709bbdb38dd392f9450c4a85,0.40532313130113945,0.0,0.0,0.0,0.0,44,knn_minus_proxy
kd_caf4373e6c9764852fd5cecc,0.3474198268295481,1.0,39.0,0.0,0.0,44,knn_minus_proxy
kd_62b0bbd193d4ac3d9fb402df,0.5117904975876137,1.0,-7.0,1.0,0.0,44,knn_minus_proxy
kd_4763ae933051f649c7787e07,0.0,0.0,0.0,0.0,0.0,44,knn_minus_proxy
kd_4143f7934d8081b4b40d7876,-0.5491474682144469,0.0,18.0,0.0,0.0,44,knn_minus_proxy
kd_6971c8a7d93ca6c0fb87327c,0.0,0.0,3.0,0.0,0.0,44,knn_minus_proxy
kd_201f90802d2394c5aa7815ed,-0.22414182376099867,0.0,21.0,0.0,0.0,44,knn_minus_proxy
kd_24ccb3fcf8e2d0d665c3484d,-0.09712812362976611,0.0,-243.0,1.0,0.0,44,knn_minus_proxy
kd_1b9a4d75c053a822348c97b5,-0.19098751232968442,1.0,34.0,0.0,0.0,44,knn_minus_proxy
kd_5dddbafd3cdef4834e92f57a,-0.8592103244171618,0.0,20.0,0.0,0.0,44,knn_minus_proxy
kd_8475db7047f02a3b5bfd79f4,0.3436841297668647,0.0,155.0,-1.0,1.0,44,knn_minus_proxy
kd_f297ea2ae829946d73e03751,0.0765817897850079,0.0,0.0,0.0,0.0,44,knn_minus_proxy
kd_1f2adf27a567024a0fad633c,0.49311201227419743,0.0,7.0,0.0,0.0,44,knn_minus_proxy
kd_5bb61e7e3ec5f3e5b4d72be0,0.12514585159989097,0.0,39.0,0.0,0.0,44,knn_minus_proxy
kd_8d34261c233b4482bd3a9f10,0.17184206488343268,0.0,0.0,0.0,0.0,44,knn_minus_proxy
kd_db630f9fac261aae2da35b05,0.0037356970626832853,0.0,-3.0,1.0,0.0,44,knn_minus_proxy
kd_c76edaaf58c95ed625250242,0.07097824419098298,0.0,17.0,-1.0,0.0,44,knn_minus_proxy
kd_8b0e8de90b798303dcafdfaa,0.0074713941253664595,0.0,-89.0,1.0,0.0,44,knn_minus_proxy
kd_e5a3f5e98071bffa6e3bd18e,-0.007471394125366793,0.0,4.0,0.0,0.0,44,knn_minus_proxy
kd_52a963b6298f99e5bc971159,-1.1730088776825602,0.0,148.0,0.0,0.0,44,knn_minus_proxy
kd_1b76167e70ae814132a60b33,-0.013541901852226899,0.0,31.0,0.0,0.0,44,knn_minus_proxy
kd_6003a3f093f328c732ee04db,-0.6051829241546967,0.0,-34.0,0.0,1.0,44,knn_minus_proxy
kd_c9d78cd8af2c57e8e322f606,-0.5752973476532302,1.0,10.0,-1.0,0.0,44,knn_minus_proxy
kd_d733c318fd9b7f90ea826c47,0.0,0.0,0.0,0.0,0.0,44,knn_minus_proxy
kd_c23ae3c0389744b8cc8128dc,-0.16437067075806588,0.0,10.0,0.0,0.0,44,knn_minus_proxy
kd_3abc038ff690aefa71fa1d0c,-1.1356519070557272,0.0,-77.0,0.0,0.0,44,knn_minus_proxy
kd_2adc04ac3b6879ac4ed8c920,0.9974311157364446,0.0,22.0,0.0,0.0,44,knn_minus_proxy
kd_8c9bec58f7026f319aa477b0,-0.022414182376100156,0.0,5.0,0.0,0.0,44,knn_minus_proxy
kd_50e81536ba16b1febbc52881,0.04669621328354148,0.0,0.0,0.0,0.0,44,knn_minus_proxy
